-- phpMyAdmin SQL Dump
-- version 3.5.8.2
-- http://www.phpmyadmin.net
--
-- Host: localhost
-- Generation Time: Jun 02, 2014 at 09:52 AM
-- Server version: 5.1.73
-- PHP Version: 5.3.3

SET SQL_MODE="NO_AUTO_VALUE_ON_ZERO";
SET time_zone = "+00:00";


/*!40101 SET @OLD_CHARACTER_SET_CLIENT=@@CHARACTER_SET_CLIENT */;
/*!40101 SET @OLD_CHARACTER_SET_RESULTS=@@CHARACTER_SET_RESULTS */;
/*!40101 SET @OLD_COLLATION_CONNECTION=@@COLLATION_CONNECTION */;
/*!40101 SET NAMES utf8 */;

--
-- Database: `home`
--

-- --------------------------------------------------------

--
-- Table structure for table `home_agent`
--

CREATE TABLE IF NOT EXISTS `home_agent` (
  `id` int(11) NOT NULL AUTO_INCREMENT,
  `agent_name` varchar(128) COLLATE utf8_unicode_ci DEFAULT NULL,
  `agent_address` text COLLATE utf8_unicode_ci,
  `agent_email` varchar(128) COLLATE utf8_unicode_ci DEFAULT NULL,
  `agent_phone` varchar(128) COLLATE utf8_unicode_ci DEFAULT NULL,
  `agent_fax` varchar(128) COLLATE utf8_unicode_ci DEFAULT NULL,
  PRIMARY KEY (`id`)
) ENGINE=InnoDB  DEFAULT CHARSET=utf8 COLLATE=utf8_unicode_ci AUTO_INCREMENT=3 ;

--
-- Dumping data for table `home_agent`
--

INSERT INTO `home_agent` (`id`, `agent_name`, `agent_address`, `agent_email`, `agent_phone`, `agent_fax`) VALUES
(1, 'Evolable haohoaho', '9, Dinh Tien Hoang, Quan 1.', 'evolable@evolableasia.vn', '0800008', '08989989921453245345'),
(2, 'YouNet', '23, Lu gia, quan 11', 'younet@yahoo.com', '009000709', '');

-- --------------------------------------------------------

--
-- Table structure for table `home_broker_company`
--

CREATE TABLE IF NOT EXISTS `home_broker_company` (
  `id` int(11) NOT NULL AUTO_INCREMENT,
  `user_id` int(11) DEFAULT NULL,
  `broker_company_name` varchar(128) COLLATE utf8_unicode_ci DEFAULT NULL,
  `broker_company_address` text COLLATE utf8_unicode_ci,
  `broker_company_phone` varchar(128) COLLATE utf8_unicode_ci DEFAULT NULL,
  `broker_company_email` varchar(128) COLLATE utf8_unicode_ci DEFAULT NULL,
  `broker_company_fax` varchar(128) COLLATE utf8_unicode_ci DEFAULT NULL,
  `broker_company_undertake` varchar(128) COLLATE utf8_unicode_ci DEFAULT NULL,
  PRIMARY KEY (`id`)
) ENGINE=InnoDB  DEFAULT CHARSET=utf8 COLLATE=utf8_unicode_ci AUTO_INCREMENT=229 ;

--
-- Dumping data for table `home_broker_company`
--

INSERT INTO `home_broker_company` (`id`, `user_id`, `broker_company_name`, `broker_company_address`, `broker_company_phone`, `broker_company_email`, `broker_company_fax`, `broker_company_undertake`) VALUES
(3, 63, 'Sumo', 'Hokaido', '098779438', 'hokaido@hokaido.com', '123456789', 'Yamaha'),
(4, 64, 'Homes', 'Hockaido', '09879998', 'homes@hokaido.com', '097889798', 'Exciter'),
(5, 64, 'HAGL', 'Gia Lai, VietNam', '80976634', 'hagl@hagl.com', '253465467', 'Bầu Đức'),
(6, 64, '株式会社ホーミング・ライフ', NULL, '03-3354-3911', NULL, NULL, 'カマザキ'),
(7, 64, 'スガホーム', NULL, '03-3357-9568', NULL, NULL, '川口'),
(8, 64, '株式会社エステートナビ', NULL, '042-465-6677', NULL, NULL, '佐藤'),
(9, 64, '福富商事株式会社', NULL, '03-5393-5951', NULL, NULL, 'アワ'),
(10, 64, '1ヵ月', NULL, 'キクチ', NULL, NULL, '京王不動産株式会社'),
(11, 64, 'スカイコート賃貸センター株式会社　新宿支店', NULL, '03-5269-3877', NULL, NULL, 'カナギ'),
(12, 64, '株式会社タウンハウジング', NULL, '03-3358-6699', NULL, NULL, 'ナガタ'),
(13, 64, 'ホームメイト　足立支店', NULL, '03-5839-6300', NULL, NULL, 'カンノ'),
(14, 64, 'ホームメイト', NULL, '03-5839-6300', NULL, NULL, 'かんの'),
(15, 64, '株式会社リヴシステム', NULL, '03-5414-1117', NULL, NULL, '矢嶋'),
(16, 64, '株式会社ふじみ商会', NULL, '03-3998-0003', NULL, NULL, 'ムカイ'),
(17, 64, '株式会社Ｒａｙ・ハウジング', NULL, '03-5794-3447', NULL, NULL, '山本'),
(18, 64, '株式会社曙商事', NULL, '03-3314-5421', NULL, NULL, '藤田'),
(19, 64, 'エムズ・コミュニケーション', NULL, '03-3770-3000', NULL, NULL, '及川'),
(20, 64, 'センチュリー21トウマンホーム株式会社', NULL, '03-3442-1951', NULL, NULL, '草野'),
(21, 64, '株式会社エフ・ジェー・ネクスト', NULL, '03-673', NULL, NULL, '青柳'),
(22, 64, '株式会社オリエンタル', NULL, '03-5303-5860', NULL, NULL, '三宅'),
(23, 64, '0ヵ月', NULL, '及川', NULL, NULL, 'エムズ・コミュニケーション'),
(24, 64, '三井不動産住宅リース株式会社', NULL, '03-5381-1195', NULL, NULL, '原島'),
(25, 64, '株式会社キングホーム', NULL, '03-3989-0050', NULL, NULL, 'ナガタ'),
(26, 64, '北山ハウス渋谷店', NULL, '03-3770-0321', NULL, NULL, '堀内'),
(27, 64, '株式会社 ヒロ・コーポレーション本店', NULL, '03-5368-6741', NULL, NULL, 'マチダ'),
(28, 64, 'アイリビング株式会社', NULL, '03-6383-0930', NULL, NULL, '久保寺'),
(29, 64, '0.5ヵ月', NULL, 'モトヨシ', NULL, NULL, '株式会社マイライフ・'),
(30, 64, 'アパマンション麻布店', NULL, '03-5575-3441', NULL, NULL, 'コン'),
(31, 64, '株式会社 トラストアドバイザーズ', NULL, '03-5793-1261', NULL, NULL, 'シマフックロ'),
(32, 64, 'リビング・ラボ荻窪店', NULL, '03-5347-4580', NULL, NULL, '熊谷'),
(33, 64, 'N日神住宅サボート株式会社', NULL, '050-3775-0477', NULL, NULL, 'フカサワ'),
(34, 64, '京商ﾌﾟﾛﾊﾟﾃｨｰ株式会社', NULL, '03-5379-1607', NULL, NULL, '横山'),
(35, 64, 'イーアールエー株式会社', NULL, '045-624-8871', NULL, NULL, 'クタイベ'),
(36, 64, '株式会社ブロードブレインズ', NULL, '03-6418-4471', NULL, NULL, '佐藤'),
(37, 64, '環境Station', NULL, '03-5579-9712', NULL, NULL, 'サカモト'),
(38, 64, '三井ホームエステート　第四営業部', NULL, '0422-20-1630', NULL, NULL, '石井'),
(39, 64, '三井ホームエステート株式会社', NULL, '03-5226-3706', NULL, NULL, '池田'),
(40, 64, '株式会社富士建設工業　フジケンマンションセンター新宿支店', NULL, '03-3369-3737', NULL, NULL, '佐藤'),
(41, 64, '株', NULL, '花岡', NULL, NULL, 'ｮ会社　アイ・コーポレーション'),
(42, 64, '株式会社トーシンコミュニティー', NULL, '0422-21-9100', NULL, NULL, '大川'),
(43, 64, '株式会社早成設計', NULL, '03-5155-2513', NULL, NULL, 'マツサワ'),
(44, 64, '長谷工　ライブネット', NULL, '03-5419-9113', NULL, NULL, '渡邉'),
(45, 64, '株式会社　日本財託管理サービス', NULL, '03-3346-0033', NULL, NULL, '田中・綱川・酒井'),
(46, 64, '株式会社セレコーポレーション', NULL, '03-3562-3052', NULL, NULL, '未定'),
(47, 64, '有限会社ジェイ・フィールド', NULL, '03-5676-7045', NULL, NULL, '人見'),
(48, 64, 'グランヴァン株式会社', NULL, '03-5363-6963', NULL, NULL, '百井'),
(49, 64, '株式会社セゾンファンデックス', NULL, '03-3988-1647', NULL, NULL, '倉持'),
(50, 64, '株式会社日本財託管理サービス', NULL, '03-3346-0033', NULL, NULL, '酒井'),
(51, 64, '_アンビション', NULL, '03-5784-7710', NULL, NULL, '藤岡'),
(52, 64, 'プロパティエージェント株式会社', NULL, '03-6302-3015', NULL, NULL, '森'),
(53, 64, '株式会社明和管財', NULL, '03-3419-4011', NULL, NULL, '佐藤'),
(54, 64, '木下の賃貸', NULL, '042-548-3317', NULL, NULL, '平松'),
(55, 64, '株式会社ウィンズプロモーション', NULL, '03-5469-1385', NULL, NULL, '赤崎'),
(56, 64, '株式会社大介　銀座店', NULL, '03-5159-6671', NULL, NULL, '福島'),
(57, 64, '興和管理株式会社', NULL, '03-5574-7903', NULL, NULL, '米澤'),
(58, 64, '株式会社　トーシンコミュニティー　賃貸管理グループ　リーシングプロ', NULL, '佐藤', NULL, NULL, 'ａ[ションチーム'),
(59, 64, '東急リロケーション株式会社', NULL, '03-3476-7090', NULL, NULL, '佐藤'),
(60, 64, '東洋エステートサービス株式会社', NULL, '042-489-1513', NULL, NULL, 'にしゅう'),
(61, 64, '株式会社MARUTAKU', NULL, '03-5330-3210', NULL, NULL, '佐藤'),
(62, 64, '株式会社タカギプランニングオフィス', NULL, '03-3560-1861', NULL, NULL, '平林'),
(63, 64, 'アムス・エステート株式会社', NULL, '03-5958-0099', NULL, NULL, 'シノスカ'),
(64, 64, '株式会社マルイホームサービス賃貸管理', NULL, '03-3229-0167', NULL, NULL, 'キムラ'),
(65, 64, '株式会社プリズミック', NULL, '03-5770-4139', NULL, NULL, 'マツモト'),
(66, 64, '株式会社三建', NULL, '03-3330-7131', NULL, NULL, 'セキ'),
(67, 64, '宮田', NULL, '', NULL, NULL, '03-3348-3741'),
(68, 64, '株式会社 ジョイント・プロバティ', NULL, '03-5304-8462', NULL, NULL, '竹田'),
(69, 64, '株式会社ルームグリーン', NULL, '03-5466-1131', NULL, NULL, '織田'),
(70, 64, '株式会社ウォームライト日暮里本店', NULL, '03-3807-3621', NULL, NULL, 'ロキ'),
(71, 64, '株式会社リーシング部', NULL, '03-6822-9402', NULL, NULL, '西牟田'),
(72, 64, 'ザ・リーヴ　池袋駅前店', NULL, '03-5957-1108', NULL, NULL, '丸山ゆみ'),
(73, 64, '株式会社ギブコム', NULL, '03-5791-7321', NULL, NULL, 'ＰＭ事務部'),
(74, 64, '株式会社タワーハウス管理', NULL, '03-6430-6698', NULL, NULL, '山田'),
(75, 64, '株式会社　リアルワン', NULL, '03-5215-2441', NULL, NULL, 'イチジョウ'),
(76, 64, '株式会社S-FITプロパティマネジメント事業部', NULL, '03-5428-6728', NULL, NULL, '山本'),
(77, 64, '湧泉建設有限会社', NULL, '03-3920-0051', NULL, NULL, '佐藤'),
(78, 64, '_ワークスコア', NULL, '03-3770-', NULL, NULL, '小野'),
(79, 64, 'エムス・エステート株式会社', NULL, '03-5958-0099', NULL, NULL, '大島'),
(80, 64, 'シノケンファシリティーズ', NULL, '03-5777-0085', NULL, NULL, 'ウスイ'),
(81, 64, '株式会社 ファンハウス', NULL, '03-3382-1118', NULL, NULL, '鬼塚'),
(82, 64, '株式会社ルームグリー', NULL, '織田', NULL, NULL, 'ン'),
(83, 64, 'センチュリー２１ファーストハウジング', NULL, '03-5807-7251', NULL, NULL, '山田'),
(84, 64, 'トーセイコミュニティ_', NULL, '03-3435-7353', NULL, NULL, '直井'),
(85, 64, '住友林業レジデンシャル株式会社', NULL, '03-3350-6674', NULL, NULL, '石井'),
(86, 64, '同栄コンサルティング株式会社', NULL, '03-3377-0778', NULL, NULL, '青木'),
(87, 64, '東和開発株式会社', NULL, '03-3928-8881', NULL, NULL, '藤原'),
(88, 64, '株式会社　木下の賃貸', NULL, '03-5908-2270', NULL, NULL, '小林'),
(89, 64, '伊藤忠アーバ', NULL, '手塚', NULL, NULL, '塔Rミュニティ'),
(90, 64, '株式会社国土信和', NULL, '03-5652-5342', NULL, NULL, '佐藤'),
(91, 64, '三井不動産グループ　レジデントファースト', NULL, '03-5772-9926', NULL, NULL, 'ウシダ'),
(92, 64, '有限会社成増ハウジング', NULL, '03-5967-5522', NULL, NULL, '安藤'),
(93, 64, '賃貸パートナー', NULL, '03-5155-3882', NULL, NULL, '梅本'),
(94, 64, '株式会社フォアライフ・シティ', NULL, '03-3448-9555', NULL, NULL, '竹内'),
(95, 64, '生和コーポレーション株式会社', NULL, '03-5298-5511', NULL, NULL, '古山'),
(96, 64, '正興産業株式会社', NULL, '03-3981-3201', NULL, NULL, '森本'),
(97, 64, '株式会社リビングギャラリー', NULL, '03-3802-2230', NULL, NULL, '畑山'),
(98, 64, '興和地所業株式会社', NULL, 'タベ', NULL, NULL, 'ワ'),
(99, 64, '株式会社トラストアドバイザーズ', NULL, '03-5793-1261', NULL, NULL, '井上'),
(100, 64, '株式会社タイセイ・ハウジー', NULL, '03-6894-6161', NULL, NULL, 'ムカ'),
(101, 64, '株式会社アポロ商事', NULL, '03-3361-5180', NULL, NULL, '小林'),
(102, 64, '株式会社ウィルマネージメント', NULL, '03-5459-3600', NULL, NULL, '山本'),
(103, 64, '新栄住宅販売株式会社', NULL, '03-3396-9272', NULL, NULL, '森西'),
(104, 64, '中央都市管理・CO.LTD.', NULL, '03-3367-6133', NULL, NULL, '星'),
(105, 64, 'ピタットハウス東小金井店', NULL, '042-386-5225', NULL, NULL, '片山'),
(106, 64, '_タイセイハウジー', NULL, '03-5927-6262', NULL, NULL, 'タムラ'),
(107, 64, '東急コミュニティー', NULL, '03-3367-9109', NULL, NULL, 'キタ'),
(108, 64, 'エイブル保証株式会社', NULL, '03-5786-9250', NULL, NULL, 'ワタシゲ'),
(109, 64, 'アパマンショップ中野南口店', NULL, '03-5342-2311', NULL, NULL, '佐藤'),
(110, 64, '_シノケンファシリティーズ', NULL, '03-5777-0085', NULL, NULL, 'トヤマ'),
(111, 64, '株式会社ベルクレール', NULL, '047-349-7511', NULL, NULL, '小川'),
(112, 64, '株式会社ハルタホーム企画', NULL, '03-3387-0136', NULL, NULL, 'イコウガ'),
(113, 64, '株式会社イディアライズコーポレーション', NULL, '03-5774-2800', NULL, NULL, '岡崎'),
(114, 64, 'リズム株式会社', NULL, '03-5458-7008', NULL, NULL, '岡本'),
(115, 64, '株式会社ハウスフレンド', NULL, '03-5331-3381', NULL, NULL, 'イケダ'),
(116, 64, '株式', NULL, '綱川', NULL, NULL, '?ﾐ　日本財託管理サービス'),
(117, 64, '株式会社アイ・コーポレーション', NULL, '03-3228-7460', NULL, NULL, 'イソニシ'),
(118, 64, '三井不動産住宅リース_', NULL, '03-5381-1489', NULL, NULL, '長徳'),
(119, 64, '株式会社グローリア・ライフ・クリエイト', NULL, '03-5365-3922', NULL, NULL, 'マスオ'),
(120, 64, '_大介', NULL, '03-5405-7821', NULL, NULL, '井上'),
(121, 64, '株式会社明豊プロパティーズ', NULL, '03-5434-8091', NULL, NULL, 'スエオカ'),
(122, 64, '株式会社日本建商', NULL, '03-5946-2101', NULL, NULL, '野本'),
(123, 64, '株式会社アイラス管理事業部', NULL, '03-5949-3444', NULL, NULL, '佐藤'),
(124, 64, '_オンズリーヴェスト', NULL, '03-5157-0123', NULL, NULL, '久末'),
(125, 64, '株式会社学生情報センター', NULL, '03-5909-5749', NULL, NULL, '村上'),
(126, 64, '株式会社エヌティーコーポレーション', NULL, '03-3208-8300', NULL, NULL, '藤谷'),
(127, 64, '住友林業レジデンシャル株式会社東京西支店', NULL, '03-3350-6563', NULL, NULL, '伊藤'),
(128, 64, 'リズム_', NULL, '03-5458-7008', NULL, NULL, '岡田'),
(129, 64, '日本総合管理株式会社', NULL, '03-3288-8214', NULL, NULL, '佐藤'),
(130, 64, '株式会社　トーシンコミュニティー', NULL, '0422-21-9100', NULL, NULL, 'イヌカイ'),
(131, 64, 'エムズ・', NULL, '及川', NULL, NULL, 'Rミュニケーション'),
(132, 64, '日本財宅管理サービス', NULL, '03-3346-0033', NULL, NULL, '田中'),
(133, 64, 'ザ・リーヴ', NULL, '03-5957-1108', NULL, NULL, '丸山ゆみ'),
(134, 64, '日本システム管理', NULL, '03-6685-1889', NULL, NULL, '佐藤'),
(135, 64, 'ハルタホーム企画', NULL, '03-3387-0136', NULL, NULL, '佐藤'),
(136, 64, '及川', NULL, '', NULL, NULL, '03-3770-3000'),
(137, 64, '2ヵ月', NULL, '原島', NULL, NULL, '三井不動産住宅リース株式会社'),
(138, 64, '株式会社ジョイント・プロパティ', NULL, '03-5304-8462', NULL, NULL, '佐藤'),
(139, 64, '株式会社アンビション', NULL, '03-5784-7710', NULL, NULL, '藤岡'),
(140, 64, 'パナホーム不動産株式会社', NULL, '03-5909-0369', NULL, NULL, '安藤'),
(141, 64, '株式会社経盛商事', NULL, '03-3481-6101', NULL, NULL, '橋場'),
(142, 64, 'ダイヤ不動産株式会社', NULL, '03-3990-1116', NULL, NULL, '斉藤'),
(143, 64, '株式会社One World', NULL, '044-850-4302', NULL, NULL, 'ワカスギ'),
(144, 64, 'センチュリー21パキラハウス', NULL, '03-5396-1144', NULL, NULL, 'カスガイ'),
(145, 64, '株式会社丸巧', NULL, '03-5330-3210', NULL, NULL, '大河原'),
(146, 64, '株式会社　トーシンコミュニテ', NULL, '横山', NULL, NULL, 'ィー'),
(147, 64, '株式会社ケイエムホールディングス', NULL, '03-5808-1630', NULL, NULL, '岸本'),
(148, 64, '株式会社ウチダハウス', NULL, '03-3992-6666', NULL, NULL, '北'),
(149, 64, 'アーバネスト株式会社', NULL, '03-6427-9860', NULL, NULL, 'サトウ'),
(150, 64, '三井不動産住宅リース', NULL, '', NULL, NULL, '小川'),
(151, 64, '_明和管財', NULL, '03-3419-4011', NULL, NULL, 'モリタ'),
(152, 64, 'アセットコンサルティングネットワークＣＯ.Ｌｔｄ', NULL, '03-5302-0705', NULL, NULL, '齋藤'),
(153, 64, '株式会社ウインドホーム', NULL, '03-3220-1018', NULL, NULL, '古川'),
(154, 64, 'ハウスポート', NULL, '03-3310-3000', NULL, NULL, 'シマザワ'),
(155, 64, 'スカイコート賃貸センター株式会', NULL, '梅原', NULL, NULL, '社　新宿支店'),
(156, 64, '株式会社　ウィンズプロモーション', NULL, '03-5469-1385', NULL, NULL, '柴原'),
(157, 64, '株式会社　ネクサス・ジャパン', NULL, '03-5292-3517', NULL, NULL, '竹之内'),
(158, 64, '株式会社シイ・アイ・シー', NULL, '03-5778-2200', NULL, NULL, '寺本'),
(159, 64, '株式会社ドリームライフ', NULL, '03-5310-2053', NULL, NULL, '嶋田'),
(160, 64, '株式会社', NULL, 'ヌ平', NULL, NULL, 'ライフビジョン'),
(161, 64, '株式会社ステージプランナー', NULL, '03-5485-1018', NULL, NULL, '杉本'),
(162, 64, '株式会社日本在宅管理サービス', NULL, '03-3346-0033', NULL, NULL, '綱川'),
(163, 64, '株式会社日商ベックス', NULL, '03-3379-7744', NULL, NULL, '磯部'),
(164, 64, 'センチュリー21ミマックス', NULL, '03-5345-6822', NULL, NULL, '平官'),
(165, 64, 'シマダハウス株式会社', NULL, '03-6275-1199', NULL, NULL, '朝倉'),
(166, 64, '東京ネットワ', NULL, '谷', NULL, NULL, 'ークス'),
(167, 64, '有限会社サンクス不動産', NULL, '03-3364-1911', NULL, NULL, '田村'),
(168, 64, '株式会社アシスト', NULL, '03-5328-8288', NULL, NULL, '加藤'),
(169, 64, '東京ネットワース', NULL, '03-5911-3775', NULL, NULL, '谷'),
(170, 64, '株式会社すまいるハーベスト', NULL, '03-6913-1616', NULL, NULL, '松下'),
(171, 64, '株式会社アプローバル', NULL, '03-5327-5255', NULL, NULL, 'ツジタ'),
(172, 64, '株式会社富士見ハウジング', NULL, '03-5340-6530', NULL, NULL, '官原'),
(173, 64, '株式会社東京ネットワース', NULL, '03-5911-3775', NULL, NULL, '谷'),
(174, 64, '野村リビングサポート', NULL, '03-5368-7811', NULL, NULL, '木村'),
(175, 64, '綱川', NULL, '', NULL, NULL, '03-3346-0033'),
(176, 64, '長徳', NULL, '', NULL, NULL, '03-5381-1489'),
(177, 64, 'フカサワ', NULL, '', NULL, NULL, '050-3775-0477'),
(178, 64, 'トミタ　', NULL, '', NULL, NULL, '03-3419-4011'),
(179, 64, 'オオムカイ', NULL, '', NULL, NULL, '048-643-7525'),
(180, 64, '倉原', NULL, '', NULL, NULL, '03-3770-3000'),
(181, 64, '矢後', NULL, '', NULL, NULL, '03-5269-3877'),
(182, 64, 'ハナダテ', NULL, '', NULL, NULL, '0422-21-9100'),
(183, 64, '森園', NULL, '', NULL, NULL, '03-5368-6741'),
(184, 64, '石井', NULL, '', NULL, NULL, '03-5368-6741'),
(185, 64, 'ワタナベ', NULL, '', NULL, NULL, '03-5381-1489'),
(186, 64, '阪本', NULL, '', NULL, NULL, '03-5579-9712'),
(187, 64, '宮下', NULL, '', NULL, NULL, '03-3419-4011'),
(188, 64, '成田', NULL, '', NULL, NULL, '03-5770-4139'),
(189, 64, '松井', NULL, '', NULL, NULL, '03-3348-3741'),
(190, 64, '原田', NULL, '', NULL, NULL, '03-5155-2513'),
(191, 64, '棚木', NULL, '', NULL, NULL, '03-5269-3877'),
(192, 64, 'アライ', NULL, '', NULL, NULL, '03-5381-1489'),
(193, 64, 'マナベ', NULL, '', NULL, NULL, '03-5226-9031'),
(194, 64, '佐竹', NULL, '', NULL, NULL, '03-3354-3911'),
(195, 64, 'セト', NULL, '', NULL, NULL, '03-5485-1018'),
(196, 64, '佐原', NULL, '', NULL, NULL, '03-6822-9402'),
(197, 64, 'カマタキ', NULL, '', NULL, NULL, '03-3354-3911'),
(198, 64, '天沼', NULL, '', NULL, NULL, '03-3348-3741'),
(199, 64, 'コヤマ', NULL, '', NULL, NULL, '03-6733-9990'),
(200, 64, 'カイフ', NULL, '', NULL, NULL, '03-5368-6741'),
(201, 64, 'ハシヤダ', NULL, '', NULL, NULL, '050-3775-0477'),
(202, 64, '今井', NULL, '', NULL, NULL, '0422-28-5580'),
(203, 64, '本木', NULL, '', NULL, NULL, '03-5958-0099'),
(204, 64, '百井　遼平', NULL, '', NULL, NULL, '03-5363-6963'),
(205, 64, 'サカモト', NULL, '', NULL, NULL, '03-5579-9712'),
(206, 64, '伊口', NULL, '', NULL, NULL, '03-3463-8121'),
(207, 64, 'クルマ', NULL, '', NULL, NULL, '03-5368-6741'),
(208, 64, '田中・綱川・酒井', NULL, '', NULL, NULL, '03-3346-0033'),
(209, 64, '谷口・山口', NULL, '', NULL, NULL, '03-3346-0033'),
(210, 64, '向嶌', NULL, '', NULL, NULL, '03-3346-0033'),
(211, 64, '_ハウスフレンド', NULL, '03-5331-3381', NULL, NULL, 'トウヤマ'),
(212, 64, '田中', NULL, '', NULL, NULL, '03-3346-0033'),
(213, 64, 'ファーストトラスト株式会社', NULL, '03-6418-6300', NULL, NULL, '島田'),
(214, 64, '株式会社ノイコーポレーション', NULL, '03-5155-4649', NULL, NULL, 'アンドウ'),
(215, 64, '有限会社アーバンパートナー', NULL, '03-5287-5068', NULL, NULL, 'キミジマ'),
(216, 64, '株式会社フォーチュン', NULL, '03-3393-3655', NULL, NULL, 'オカザキ'),
(217, 64, 'レガートホーム株式会社', NULL, '03-5345-7188', NULL, NULL, 'カナイ'),
(218, 64, '株式会社エムズリンク', NULL, '03-5821-3321', NULL, NULL, 'ワタナベ'),
(219, 64, '株式会社アクティスコーポレーション', NULL, '03-3409-2111', NULL, NULL, '西本'),
(220, 64, '株式会社城西プロパティ', NULL, '03-5956-4951', NULL, NULL, '態野'),
(221, 64, '東京シティリアルエステート株式会社', NULL, '03-5510-5291', NULL, NULL, '毛利'),
(222, 64, '原', NULL, '', NULL, NULL, '03-6302-3015'),
(223, 64, '株式会社TFDエステート', NULL, '03-3584-2666', NULL, NULL, '松山'),
(224, 64, '西野', NULL, '', NULL, NULL, '03-5579-9712'),
(225, 64, '岡', NULL, '', NULL, NULL, '03-5793-1261'),
(226, 64, '株式会社　クレアス　レント', NULL, '03-6824-9535', NULL, NULL, '加藤'),
(227, 64, '株式会社クレアスレント', NULL, '03-6824-9535', NULL, NULL, '加藤'),
(228, 64, 'センチュリー21', NULL, '03-5996-3624', NULL, NULL, '佐藤');

-- --------------------------------------------------------

--
-- Table structure for table `home_client`
--

CREATE TABLE IF NOT EXISTS `home_client` (
  `id` int(11) NOT NULL AUTO_INCREMENT,
  `user_id` int(11) DEFAULT NULL,
  `client_name` varchar(128) COLLATE utf8_unicode_ci DEFAULT NULL,
  `client_birthday` varchar(128) COLLATE utf8_unicode_ci DEFAULT NULL,
  `client_address` varchar(256) COLLATE utf8_unicode_ci DEFAULT NULL,
  `client_phone` varchar(128) COLLATE utf8_unicode_ci DEFAULT NULL,
  `client_income` float DEFAULT NULL,
  `client_occupation` varchar(128) COLLATE utf8_unicode_ci DEFAULT NULL,
  `client_company` varchar(128) COLLATE utf8_unicode_ci DEFAULT NULL,
  `client_fax` varchar(128) COLLATE utf8_unicode_ci DEFAULT NULL,
  `client_gender` varchar(128) COLLATE utf8_unicode_ci DEFAULT NULL,
  `client_email` varchar(128) COLLATE utf8_unicode_ci DEFAULT NULL,
  `client_reason_change` varchar(128) COLLATE utf8_unicode_ci DEFAULT NULL,
  `client_time_change` varchar(128) COLLATE utf8_unicode_ci DEFAULT NULL,
  `client_photo` varchar(256) COLLATE utf8_unicode_ci DEFAULT NULL,
  `client_resident_name` varchar(128) COLLATE utf8_unicode_ci DEFAULT NULL,
  `client_resident_phone` varchar(128) COLLATE utf8_unicode_ci DEFAULT NULL,
  `client_rent` float DEFAULT NULL,
  `client_room_type` varchar(128) COLLATE utf8_unicode_ci DEFAULT NULL,
  PRIMARY KEY (`id`)
) ENGINE=InnoDB  DEFAULT CHARSET=utf8 COLLATE=utf8_unicode_ci AUTO_INCREMENT=8 ;

--
-- Dumping data for table `home_client`
--

INSERT INTO `home_client` (`id`, `user_id`, `client_name`, `client_birthday`, `client_address`, `client_phone`, `client_income`, `client_occupation`, `client_company`, `client_fax`, `client_gender`, `client_email`, `client_reason_change`, `client_time_change`, `client_photo`, `client_resident_name`, `client_resident_phone`, `client_rent`, `client_room_type`) VALUES
(1, 63, 'Lý Thông', '5/22/1983', 'Tôn đản, quận 4', '098089087', 1000, 'Engineer', 'Younet', '09807987', 'male', 'lythong@gmail.com', 'Nhà cũ nóng quá', '6/2/2014', NULL, NULL, NULL, NULL, NULL),
(2, 63, 'Lý Hải', '3/22/1976', 'Côn đão', '098974893', 5000, 'Singer', 'Ca sĩ tự do', '98797990', 'male', 'lyhai@gmail.com', 'Vô đất liền ở', '4/1/2014', NULL, NULL, NULL, NULL, NULL),
(3, 63, 'Lý Hạo', '4/28/1984', '20, quận 7', '0933 49 29 89', 1000, 'IT ', 'Evolable Asia', '09890870', 'male', 'lyhao@gmail.com', 'Mua nhà mới', '1/1/2015', NULL, NULL, NULL, NULL, NULL),
(4, 63, 'Thúy Nga', '6/6/1991', '20, Quận 7', '0989798798', 250, 'Marketing', 'Zim', '97987989', 'female', 'thuynga@thezim.net', 'Mua bán', '12/1/2016', NULL, NULL, NULL, NULL, NULL),
(5, 63, 'Tiến Hữu', '9/5/1993', '400, nguyễn thị thập', '09898797', 2000, 'Banking', 'ACB', '09879798', 'female', 'dieptienhuu@gmail.com', 'Mua ở', '02/28/2017', NULL, '', '', 0, ''),
(6, 64, 'Nguyễn Văn Mại', '04/19/1989', 'Tan Binh', '7980798070', 1.4e+07, 'Engeneer', 'Evolable Asia', '0980789896', 'male', 'nvm@gmail.com', 'Thich', '04/18/2014', NULL, 'ba te', '0987978', 2e+06, 'Rong'),
(7, 64, 'Sato', '04/19/1989', 'Quan 1', '09878967', 5000, 'Manager', 'Ambition', '253465654', 'male', 'sato@ambition.com', '', '04/21/2014', NULL, 'abc', '098768767', 2.5, 'Chung Cư');

-- --------------------------------------------------------

--
-- Table structure for table `home_contract`
--

CREATE TABLE IF NOT EXISTS `home_contract` (
  `id` int(11) NOT NULL AUTO_INCREMENT,
  `user_id` int(11) DEFAULT NULL,
  `client_id` int(11) DEFAULT NULL,
  `order_id` int(11) DEFAULT NULL,
  PRIMARY KEY (`id`)
) ENGINE=InnoDB  DEFAULT CHARSET=utf8 COLLATE=utf8_unicode_ci AUTO_INCREMENT=15 ;

--
-- Dumping data for table `home_contract`
--

INSERT INTO `home_contract` (`id`, `user_id`, `client_id`, `order_id`) VALUES
(14, 64, 7, 18);

-- --------------------------------------------------------

--
-- Table structure for table `home_contract_detail`
--

CREATE TABLE IF NOT EXISTS `home_contract_detail` (
  `id` int(11) NOT NULL AUTO_INCREMENT,
  `contract_id` int(11) DEFAULT NULL,
  `contract_cost` float DEFAULT NULL,
  `contract_total` float DEFAULT NULL,
  `contract_signature_day` varchar(128) COLLATE utf8_unicode_ci DEFAULT NULL,
  `contract_handover_day` varchar(128) COLLATE utf8_unicode_ci DEFAULT NULL,
  `contract_condition` text COLLATE utf8_unicode_ci,
  `contract_valuation` varchar(128) COLLATE utf8_unicode_ci DEFAULT NULL,
  `contract_date_create` varchar(128) COLLATE utf8_unicode_ci DEFAULT NULL,
  `contract_date_update` varchar(128) COLLATE utf8_unicode_ci DEFAULT NULL,
  `contract_cancel` tinyint(1) DEFAULT '0',
  `contract_period_from` varchar(128) COLLATE utf8_unicode_ci DEFAULT NULL,
  `contract_period_to` varchar(128) COLLATE utf8_unicode_ci DEFAULT NULL,
  `contract_deposit_1` float DEFAULT NULL,
  `contract_deposit_2` float DEFAULT NULL,
  `contract_key_money` float DEFAULT NULL,
  `contract_name` varchar(128) COLLATE utf8_unicode_ci DEFAULT NULL,
  `contract_application` tinyint(1) DEFAULT NULL,
  `contract_application_date` varchar(128) COLLATE utf8_unicode_ci DEFAULT NULL,
  PRIMARY KEY (`id`)
) ENGINE=InnoDB  DEFAULT CHARSET=utf8 COLLATE=utf8_unicode_ci AUTO_INCREMENT=9 ;

--
-- Dumping data for table `home_contract_detail`
--

INSERT INTO `home_contract_detail` (`id`, `contract_id`, `contract_cost`, `contract_total`, `contract_signature_day`, `contract_handover_day`, `contract_condition`, `contract_valuation`, `contract_date_create`, `contract_date_update`, `contract_cancel`, `contract_period_from`, `contract_period_to`, `contract_deposit_1`, `contract_deposit_2`, `contract_key_money`, `contract_name`, `contract_application`, `contract_application_date`) VALUES
(8, 14, 2000, 3000, '', '', 'ok', 'oh yeh', '1400665860', '1400665860', 0, '05/21/2014', '05/21/2014', 500, 0, 1000, 'Bốc Hốt', 1, '05/13/2014');

-- --------------------------------------------------------

--
-- Table structure for table `home_history_aspirations`
--

CREATE TABLE IF NOT EXISTS `home_history_aspirations` (
  `id` int(11) NOT NULL AUTO_INCREMENT,
  `client_id` int(11) DEFAULT NULL,
  `user_id` int(11) DEFAULT NULL,
  `order_id` int(11) DEFAULT NULL,
  `aspirations_type_house` varchar(128) COLLATE utf8_unicode_ci DEFAULT NULL,
  `aspirations_rent_cost` float DEFAULT NULL,
  `aspirations_type_room` varchar(128) COLLATE utf8_unicode_ci DEFAULT NULL,
  `aspirations_build_time` varchar(128) COLLATE utf8_unicode_ci DEFAULT NULL,
  `aspirations_area` varchar(128) COLLATE utf8_unicode_ci DEFAULT NULL,
  `aspirations_size` varchar(128) COLLATE utf8_unicode_ci DEFAULT NULL,
  `aspirations_comment` text COLLATE utf8_unicode_ci,
  PRIMARY KEY (`id`)
) ENGINE=InnoDB DEFAULT CHARSET=utf8 COLLATE=utf8_unicode_ci AUTO_INCREMENT=1 ;

-- --------------------------------------------------------

--
-- Table structure for table `home_history_log`
--

CREATE TABLE IF NOT EXISTS `home_history_log` (
  `id` int(11) NOT NULL AUTO_INCREMENT,
  `user_id` int(11) DEFAULT NULL,
  `client_id` int(11) DEFAULT NULL,
  `order_id` int(11) DEFAULT NULL,
  `source_id` int(11) DEFAULT NULL,
  `log_time_call` varchar(128) COLLATE utf8_unicode_ci DEFAULT NULL,
  `log_time_arrive_company` varchar(128) COLLATE utf8_unicode_ci DEFAULT NULL,
  `log_comment` text COLLATE utf8_unicode_ci,
  `log_date_appointment_from` varchar(128) COLLATE utf8_unicode_ci DEFAULT NULL,
  `log_status_appointment` varchar(128) COLLATE utf8_unicode_ci DEFAULT NULL,
  `log_shop_sign` tinyint(1) DEFAULT NULL,
  `log_local_sign` tinyint(1) DEFAULT NULL,
  `log_introduction` tinyint(1) DEFAULT NULL,
  `log_tel` tinyint(1) DEFAULT NULL,
  `log_mail` tinyint(1) DEFAULT NULL,
  `log_flyer` tinyint(1) DEFAULT NULL,
  `log_line` tinyint(1) DEFAULT NULL,
  `log_contact_head_office` tinyint(1) DEFAULT NULL,
  `log_tel_status` tinyint(1) DEFAULT NULL,
  `log_mail_status` tinyint(1) DEFAULT NULL,
  `log_revisit` int(2) DEFAULT NULL,
  `log_time_mail` varchar(128) COLLATE utf8_unicode_ci DEFAULT NULL,
  `log_date_appointment_to` varchar(128) COLLATE utf8_unicode_ci DEFAULT NULL,
  `log_payment_date_appointment_from` varchar(128) COLLATE utf8_unicode_ci DEFAULT NULL,
  `log_payment_date_appointment_to` varchar(128) COLLATE utf8_unicode_ci DEFAULT NULL,
  `log_payment_appointment_status` tinyint(1) DEFAULT NULL,
  `log_payment_appointment_report` tinyint(1) DEFAULT NULL,
  PRIMARY KEY (`id`)
) ENGINE=InnoDB  DEFAULT CHARSET=utf8 COLLATE=utf8_unicode_ci AUTO_INCREMENT=3 ;

--
-- Dumping data for table `home_history_log`
--

INSERT INTO `home_history_log` (`id`, `user_id`, `client_id`, `order_id`, `source_id`, `log_time_call`, `log_time_arrive_company`, `log_comment`, `log_date_appointment_from`, `log_status_appointment`, `log_shop_sign`, `log_local_sign`, `log_introduction`, `log_tel`, `log_mail`, `log_flyer`, `log_line`, `log_contact_head_office`, `log_tel_status`, `log_mail_status`, `log_revisit`, `log_time_mail`, `log_date_appointment_to`, `log_payment_date_appointment_from`, `log_payment_date_appointment_to`, `log_payment_appointment_status`, `log_payment_appointment_report`) VALUES
(1, 64, 5, 17, 8, '', '', '', '', '', 0, 0, 0, 0, 0, 0, 0, 0, 0, 0, 1, '', '', '', '', 0, 0),
(2, 64, 7, 18, 6, '', '', '', '', '', 0, 0, 0, 0, 0, 0, 0, 0, 0, 0, 1, '', '', '', '', 0, 0);

-- --------------------------------------------------------

--
-- Table structure for table `home_house`
--

CREATE TABLE IF NOT EXISTS `home_house` (
  `id` int(11) NOT NULL AUTO_INCREMENT,
  `user_id` int(11) DEFAULT NULL,
  `house_name` varchar(128) COLLATE utf8_unicode_ci DEFAULT NULL,
  `house_address` text COLLATE utf8_unicode_ci,
  `house_area` varchar(128) COLLATE utf8_unicode_ci DEFAULT NULL,
  `house_build_time` varchar(128) COLLATE utf8_unicode_ci DEFAULT NULL,
  `house_type` varchar(128) COLLATE utf8_unicode_ci DEFAULT NULL,
  `house_description` text COLLATE utf8_unicode_ci,
  `house_photo` varchar(256) COLLATE utf8_unicode_ci DEFAULT NULL,
  `house_structure` varchar(128) COLLATE utf8_unicode_ci DEFAULT NULL,
  `house_owner_id` int(11) DEFAULT NULL,
  PRIMARY KEY (`id`)
) ENGINE=InnoDB  DEFAULT CHARSET=utf8 COLLATE=utf8_unicode_ci AUTO_INCREMENT=504 ;

--
-- Dumping data for table `home_house`
--

INSERT INTO `home_house` (`id`, `user_id`, `house_name`, `house_address`, `house_area`, `house_build_time`, `house_type`, `house_description`, `house_photo`, `house_structure`, `house_owner_id`) VALUES
(22, 64, 'Bitexco', 'Quận 1651265', 'Trung Tâm Thành Phố', '04/22/2014', 'Building', '「家族の絆を深める家づくり」をテーマに、子育て世代にうれしい住まいを追求し続けてきたアイフルホーム。その豊富な実績をもとに、家族の「絆」と「夢」を「もっと、ずっと」育む家が「セシボ」です。\r\n家族一人ひとりが、未来の夢を描きながら安心・快適に暮らすことのできる家、「セシボ」。「こんな暮らしを実現したい」と家族が思う夢の暮らしのシーンをドリームプラスという形で14の提案を用意し、より具体的なイメージを膨らませながら家づくりを進められるのが特長です。写真の外観はシンプルモダンスタイル。\r\n※表示の坪単価は参考プランの標準地域仕様の場合の建物本体工事価格。地域やプランにより異なります。', '', 'Snake', 14),
(23, 64, 'Hoàng Anh Gia Lai Group', '7/1, Thành Thái, Q10-HCM City', 'Quận 10', '04/22/2014', 'Building', 'Cho thuê văn phòng công ty.', '', 'Model', 16),
(24, 64, 'Everich', 'Quận 1', 'Trung Tâm Thành Phố', '04/22/2014', 'Building', 'Ở đó có cty AM nhảm nhí haha', '', 'Snake', 15),
(25, 64, 'Sunrice City', 'Le Van Luong, Quan 7', 'Tam giac vang', '05/14/2014', 'ok', 'rao đổi với VnExpress, Trưởng Ban tuyên giáo tỉnh Bình Dương Nguyễn Minh Giao cho biết, sáng 14/5, công an tỉnh này bắt hàng loạt người đã kích động công nhân gây rối, đập phá nhiều công ty trên địa bàn.\r\n\r\n&quot;Lãnh đạo tỉnh đã họp, dự kiến chiều nay hoặc sáng mai, tỉnh sẽ cử đoàn công tác đến thăm hỏi, động viên các doanh nghiệp bị ảnh hưởng. Còn việc bồi thường sẽ xem xét sau&quot;, ông Giao nói.\r\n\r\nCũng trong sáng nay, hàng nghìn người với cờ Tổ quốc vẫn tiếp tục diễu hành thành đoàn trên các tuyến đường tại khu công nghiệp VSIP I, thị xã Thuận An (Bình Dương) để phản đối Trung Quốc. Tuy nhiên, lượng người đã giảm do nhiều công nhân không đồng tình trước những kẻ kích động, xúi giục đốt phá, trộm cắp tài sản của các doanh nghiệp.', '', 'ok', 17),
(26, 64, 'Năm Hùng', '517, Long Hậu, Long Khánh A, Hồng Ngự-Đồng Tháp', 'Cù Lao', '05/22/2014', '4', 'Nhà của tui', '', '10', 19),
(27, 64, 'MY グリ−ン(公開)', '東京都新宿区中落合２丁目19-10', NULL, NULL, 'アパート', NULL, NULL, NULL, NULL),
(28, 64, '浅沼ハイツ(公開)', '東京都中野区大和町２丁目23-19', NULL, NULL, 'アパート', NULL, NULL, NULL, NULL),
(29, 64, 'トムソン(公開)', '東京都練馬区石神井台５丁目１９−３', NULL, NULL, 'テラスハウス', NULL, NULL, NULL, NULL),
(30, 64, 'ルンビニーアネックス(公開)', '東京都練馬区下石神井４丁目２−１１', NULL, NULL, 'アパート', NULL, NULL, NULL, NULL),
(31, 64, 'Ｈｉ-ＲＯＯＭＳ哲学堂(公開)', '東京都中野区松が丘２丁目３０−８', NULL, NULL, 'マンション', NULL, NULL, NULL, NULL),
(32, 64, 'スカイコート高田馬場第6(公開)', '東京都新宿区下落合４丁目2-10', NULL, NULL, 'マンション', NULL, NULL, NULL, NULL),
(33, 64, 'ディアコート落合(公開)', '東京都新宿区中落合３丁目16-1', NULL, NULL, 'アパート', NULL, NULL, NULL, NULL),
(34, 64, 'ノイエ(公開)', '東京都練馬区旭丘１丁目８−３', NULL, NULL, 'マンション', NULL, NULL, NULL, NULL),
(35, 64, 'エスポワール(公開)', '東京都中野区沼袋１丁目18-13', NULL, NULL, 'マンション', NULL, NULL, NULL, NULL),
(36, 64, 'スカイコート高田馬場第３(公開)', '東京都新宿区下落合４丁目２−８', NULL, NULL, 'マンション', NULL, NULL, NULL, NULL),
(37, 64, '東京都西東京市保谷町６丁目１９−２１', 'マンション', NULL, NULL, '仲介', NULL, NULL, NULL, NULL),
(38, 64, 'プロッシモ・オール(公開)', '東京都練馬区豊玉上２丁目２４−１３', NULL, NULL, 'マンション', NULL, NULL, NULL, NULL),
(39, 64, 'フローラ落合(公開)', '東京都新宿区中落合３丁目16-1', NULL, NULL, 'アパート', NULL, NULL, NULL, NULL),
(40, 64, 'セルカディア石神井台(公開)', '東京都練馬区石神井台７丁目26-15', NULL, NULL, 'マンション', NULL, NULL, NULL, NULL),
(41, 64, 'フローリス上鷺(公開)', '東京都中野区上鷺宮１丁目１６−１８', NULL, NULL, 'アパート', NULL, NULL, NULL, NULL),
(42, 64, 'アルデーラ中野(公開)', '東京都中野区野方２丁目１２−１２', NULL, NULL, 'マンション', NULL, NULL, NULL, NULL),
(43, 64, 'アウステル田無(公開)', '東京都西東京市芝久保町３丁目８−７', NULL, NULL, 'マンション', NULL, NULL, NULL, NULL),
(44, 64, 'ヴィラ・ソネ(公開)', '東京都中野区鷺宮３丁目２４−３', NULL, NULL, 'マンション', NULL, NULL, NULL, NULL),
(45, 64, 'グラディート練馬春日町(非公開)', '東京都練馬区春日町６丁目5-25', NULL, NULL, 'マンション', NULL, NULL, NULL, NULL),
(46, 64, 'ライオンズマンション上石神井第２(公開)', '東京都練馬区上石神井３丁目３４−２１', NULL, NULL, 'マンション', NULL, NULL, NULL, NULL),
(47, 64, 'ガーラ新宿下落合(公開)', '東京都新宿区下落合１丁目15-19', NULL, NULL, 'マンション', NULL, NULL, NULL, NULL),
(48, 64, '賃貸マンション(非公開)', '東京都杉並区下井草３丁目１', NULL, NULL, 'マンション', NULL, NULL, NULL, NULL),
(49, 64, 'グランベル中落合(非公開)', '東京都新宿区中落合３丁目７−３', NULL, NULL, 'マンション', NULL, NULL, NULL, NULL),
(50, 64, 'クレアシオン浅草(非公開)', '東京都墨田区吾妻橋１丁目２−５', NULL, NULL, 'マンション', NULL, NULL, NULL, NULL),
(51, 64, '    パサニー大泉学園(非公開)', '東京都練馬区東大泉４丁目２９−３', NULL, NULL, 'マンション', NULL, NULL, NULL, NULL),
(52, 64, '    パサニー大泉学園(非公', '東京都練馬区東大泉４丁目２９−３', NULL, NULL, 'マンション', NULL, NULL, NULL, NULL),
(53, 64, 'レジディア笹塚(非公開)', '東京都杉並区方南１丁目1', NULL, NULL, 'マンション', NULL, NULL, NULL, NULL),
(54, 64, '清水コーポ?(非公開)', '東京都杉並区清水３丁目２８−１２', NULL, NULL, 'アパート', NULL, NULL, NULL, NULL),
(55, 64, 'キャラ田無(非公開)', '東京都西東京市田無町１丁目７−１０', NULL, NULL, 'マンション', NULL, NULL, NULL, NULL),
(56, 64, 'マローネ鷺宮(公開)', '東京都中野区鷺宮３丁目４１−７', NULL, NULL, 'アパート', NULL, NULL, NULL, NULL),
(57, 64, 'BEL AIR(非公開)', '東京都中野区鷺宮４丁目４４−４', NULL, NULL, 'マンション', NULL, NULL, NULL, NULL),
(58, 64, '東京都中野区松が丘２丁目１２−１５', '', NULL, NULL, 'マンショ', NULL, NULL, NULL, NULL),
(59, 64, 'パルフェ杉並(非公開)', '東京都杉並区清水２丁目２５−１３', NULL, NULL, 'アパート', NULL, NULL, NULL, NULL),
(60, 64, 'カスタリア中野(非公開)', '東京都中野区新井２丁目１２−１３', NULL, NULL, 'マンション', NULL, NULL, NULL, NULL),
(61, 64, '岡部ドエル参番館(非公開)', '東京都墨田区江東橋５丁目８−１２', NULL, NULL, 'マンション', NULL, NULL, NULL, NULL),
(62, 64, 'ジェイパーク高田馬場プレジャーステージ(公開)', '東京都豊島区高田３丁目７−１５', NULL, NULL, 'マンション', NULL, NULL, NULL, NULL),
(63, 64, 'パークウェル早稲田(非公開)', '東京都豊島区高田１丁目17', NULL, NULL, 'マンション', NULL, NULL, NULL, NULL),
(64, 64, 'ミレニアム江古田(公開)', '東京都中野区江古田２丁目７−４', NULL, NULL, 'マンション', NULL, NULL, NULL, NULL),
(65, 64, 'ライオンズマンション哲学堂(非公開)', '東京都新宿区西落合２丁目4', NULL, NULL, 'マンション', NULL, NULL, NULL, NULL),
(66, 64, 'ルーブル練馬沼袋(公開)', '東京都練馬区豊玉南１丁目１５−３', NULL, NULL, 'マンション', NULL, NULL, NULL, NULL),
(67, 64, 'スカイコート早稲田壱番館(非公開)', '東京都新宿区高田馬場１丁目４−２０', NULL, NULL, 'マンション', NULL, NULL, NULL, NULL),
(68, 64, 'アポーラ中野(非公開)', '東京都中野区江古田４丁目２３−１', NULL, NULL, 'マンション', NULL, NULL, NULL, NULL),
(69, 64, '東京都新宿区中落合１丁目１−５', 'ンション', NULL, NULL, 'マ', NULL, NULL, NULL, NULL),
(70, 64, 'アポーラ中野(公開)', '東京都中野区江古田４丁目２３−１', NULL, NULL, 'マンション', NULL, NULL, NULL, NULL),
(71, 64, 'ディアコート西東京(公開)', '東京都西東京市緑町１丁目２−２７', NULL, NULL, 'アパート', NULL, NULL, NULL, NULL),
(72, 64, 'エル・沼袋(非公開)', '東京都中野区沼袋２丁目33-12', NULL, NULL, 'マンション', NULL, NULL, NULL, NULL),
(73, 64, 'リバーサイドレジデンス中井(非公開)', '東京都新宿区上落合２丁目1', NULL, NULL, 'マンション', NULL, NULL, NULL, NULL),
(74, 64, 'アイコート九番館(非公開)', '東京都練馬区豊玉南１丁目8', NULL, NULL, 'アパート', NULL, NULL, NULL, NULL),
(75, 64, 'フェニックス武蔵関参番館(非公開)', '東京都練馬区関町北５丁目6', NULL, NULL, 'マンション', NULL, NULL, NULL, NULL),
(76, 64, 'アイ・ブライト(公開)', '東京都新宿区高田馬場２丁目３−１４', NULL, NULL, 'マンション', NULL, NULL, NULL, NULL),
(77, 64, 'プライムアーバン中野坂上(非公開)', '東京都中野区上高田４丁目43', NULL, NULL, 'マンション', NULL, NULL, NULL, NULL),
(78, 64, 'リベルタ中落合(非公開)', '東京都新宿区中落合１丁目17', NULL, NULL, 'マンション', NULL, NULL, NULL, NULL),
(79, 64, 'プレール新宿落合(公開)', '東京都新宿区上落合１丁目19-8', NULL, NULL, 'マンション', NULL, NULL, NULL, NULL),
(80, 64, 'ルー', '東京都中野区鷺宮４丁目20', NULL, NULL, 'マンション', NULL, NULL, NULL, NULL),
(81, 64, 'アーク(非公開)', '東京都練馬区上石神井１丁目4', NULL, NULL, 'アパート', NULL, NULL, NULL, NULL),
(82, 64, 'Ｋハウス(非公開)', '東京都練馬区豊玉中１丁目１０−１２', NULL, NULL, 'タウンハウス', NULL, NULL, NULL, NULL),
(83, 64, 'クレアシオン中野北(非公開)', '東京都中野区江古田４丁目３５−３', NULL, NULL, 'マンション', NULL, NULL, NULL, NULL),
(84, 64, 'ビクセルお茶の水(非公開)', '東京都文京区本郷３丁目11−9', NULL, NULL, 'マンション', NULL, NULL, NULL, NULL),
(85, 64, 'ルーブル新宿西落合七番館(公開)', '東京都新宿区西落合２丁目２２−１９', NULL, NULL, 'マンション', NULL, NULL, NULL, NULL),
(86, 64, 'Ａｒｔ　Ｂｒｕｔ　中落合(非公開)', '東京都新宿区中落合１丁目17', NULL, NULL, 'マンション', NULL, NULL, NULL, NULL),
(87, 64, 'フェニックス下落合(非公開)', '東京都新宿区上落合２丁目１−５', NULL, NULL, 'マンション', NULL, NULL, NULL, NULL),
(88, 64, 'ヴァローレクオリタ池袋(公開)', '東京都豊島区池袋３丁目44', NULL, NULL, 'マンション', NULL, NULL, NULL, NULL),
(89, 64, 'シャンティ武蔵関(公開)', '東京都練馬区関町北３丁目1-2', NULL, NULL, 'マンション', NULL, NULL, NULL, NULL),
(90, 64, 'Ｂｒａｎｃｈｅ　哲学堂通り(非公開)', '東京都中野区新井５丁目32', NULL, NULL, 'マンション', NULL, NULL, NULL, NULL),
(91, 64, 'カルフール(非公開)', '東京都中野区上高田３丁目１３−９', NULL, NULL, 'アパート', NULL, NULL, NULL, NULL),
(92, 64, '長屋', '株式会社アートアベニュー', NULL, NULL, '1ヵ月', NULL, NULL, NULL, NULL),
(93, 64, 'ステージグランデ上落合(非公開)', '東京都新宿区上落合１丁目15-7', NULL, NULL, 'マンション', NULL, NULL, NULL, NULL),
(94, 64, 'ガラ・シティ高田馬場(公開)', '東京都新宿区下落合２丁目５−２', NULL, NULL, 'マンション', NULL, NULL, NULL, NULL),
(95, 64, 'サンパレス中野(非公開)', '東京都中野区上高田２丁目４２−７', NULL, NULL, 'マンション', NULL, NULL, NULL, NULL),
(96, 64, 'アムール?光風館(非公開)', '東京都小金井市本町５丁目２４−１２', NULL, NULL, 'アパート', NULL, NULL, NULL, NULL),
(97, 64, '謚ﾛ山２丁目２５−２１', '東京都中野', NULL, NULL, 'マンション', NULL, NULL, NULL, NULL),
(98, 64, 'ポンヴェール妙正寺公園(非公開)', '東京都杉並区清水３丁目27-21', NULL, NULL, 'マンション', NULL, NULL, NULL, NULL),
(99, 64, 'ブルーラグーン(非公開)', '東京都中野区東中野４丁目１７−６', NULL, NULL, 'マンション', NULL, NULL, NULL, NULL),
(100, 64, 'ベルガーデン(非公開)', '東京都杉並区下井草２丁目３３−５', NULL, NULL, 'マンション', NULL, NULL, NULL, NULL),
(101, 64, 'ハイムイトウ(公開)', '東京都中野区上高田３丁目１６−８', NULL, NULL, 'マンション', NULL, NULL, NULL, NULL),
(102, 64, '株式会社ハルタホーム企画', '0.5ヵ月', NULL, NULL, '1ヵ月', NULL, NULL, NULL, NULL),
(103, 64, 'ソフィア中落合(非公開)', '東京都新宿区中落合３丁目２０−４', NULL, NULL, 'マンション', NULL, NULL, NULL, NULL),
(104, 64, '日興パレス高田馬場(公開)', '東京都新宿区上落合１丁目3-9', NULL, NULL, 'マンション', NULL, NULL, NULL, NULL),
(105, 64, 'ビバリーオームズ吉祥寺(非公開)', '東京都武蔵野市吉祥寺北町３丁目５−９', NULL, NULL, 'マンション', NULL, NULL, NULL, NULL),
(106, 64, 'PREMIUM CUBE 秋葉原(非公開)', '東京都千代田区神田佐久間町４丁目15', NULL, NULL, 'マンション', NULL, NULL, NULL, NULL),
(107, 64, 'フェニックス中板橋(非公開)', '東京都板橋区大谷口上町7', NULL, NULL, 'マンション', NULL, NULL, NULL, NULL),
(108, 64, 'クレール花小金井(非公開)', '東京都小平市花小金井南町１丁目１８−４５', NULL, NULL, 'マンション', NULL, NULL, NULL, NULL),
(109, 64, 'ハイツモクセイ(非公開)', '東京都武蔵野市吉祥寺北町５丁目５−１１', NULL, NULL, 'アパート', NULL, NULL, NULL, NULL),
(110, 64, 'ＹＳＫ?(非公開)', '東京都新宿区高田馬場４丁目２６−１２', NULL, NULL, 'マンション', NULL, NULL, NULL, NULL),
(111, 64, 'SQUARES(非公開)', '東京都中野区上高田４丁目３４−５', NULL, NULL, 'マンション', NULL, NULL, NULL, NULL),
(112, 64, 'プレデパルク3(非公開)', '東京都板橋区大山西町４６−８', NULL, NULL, 'マンション', NULL, NULL, NULL, NULL),
(113, 64, '高円寺南２丁目２−３', '東京都杉並区', NULL, NULL, 'マンション', NULL, NULL, NULL, NULL),
(114, 64, 'アネクスYASAKI(非公開)', '東京都中野区沼袋３丁目２６−１２', NULL, NULL, 'マンション', NULL, NULL, NULL, NULL),
(115, 64, 'La Stage North Nakano(非公開)', '東京都中野区新井５丁目１１−６', NULL, NULL, 'マンション', NULL, NULL, NULL, NULL),
(116, 64, 'ウィンクルム野方(非公開)', '東京都中野区野方６丁目４４−１', NULL, NULL, 'マンション', NULL, NULL, NULL, NULL),
(117, 64, '201(非公開)', 'イル・ロトーレ　Ｂ棟	(非公開)', NULL, NULL, '東京都小平市大沼町２丁目874', NULL, NULL, NULL, NULL),
(118, 64, 's中野区中央３丁目１７−７', '東京', NULL, NULL, 'マンション', NULL, NULL, NULL, NULL),
(119, 64, 'アムス市ヶ谷(非公開)', '東京都新宿区市谷砂土原町２丁目３-1', NULL, NULL, 'マンション', NULL, NULL, NULL, NULL),
(120, 64, 'エアフォルク(非公開)', '東京都大田区大森西６丁目１５−１９', NULL, NULL, 'マンション', NULL, NULL, NULL, NULL),
(121, 64, 'スカイコート日本橋壱番館(非公開)', '東京都中央区東日本橋３丁目5', NULL, NULL, 'マンション', NULL, NULL, NULL, NULL),
(122, 64, 'コスモスパジオ(非公開)', '東京都中野区丸山２丁目２２−１', NULL, NULL, 'マンション', NULL, NULL, NULL, NULL),
(123, 64, '井草八成マンション(非公開)', '東京都杉並区井草１丁目３０−１２', NULL, NULL, 'マンション', NULL, NULL, NULL, NULL),
(124, 64, '梅津', '株式会社タイセイ・ハウジー', NULL, NULL, '1ヵ月', NULL, NULL, NULL, NULL),
(125, 64, 'ルーク西早稲田(非公開)', '東京都新宿区西早稲田２丁目18−26', NULL, NULL, 'マンション', NULL, NULL, NULL, NULL),
(126, 64, 'エルヴィエントアース武蔵関公園(非公開)', '東京都練馬区関町北３丁目４−８', NULL, NULL, 'マンション', NULL, NULL, NULL, NULL),
(127, 64, 'プリマヴェール(非公開)', '東京都江東区亀戸３丁目２８−１５', NULL, NULL, 'マンション', NULL, NULL, NULL, NULL),
(128, 64, 'ジェネラルアパートメント常盤台(非公開)', '東京都板橋区常盤台３丁目13', NULL, NULL, 'マンション', NULL, NULL, NULL, NULL),
(129, 64, 'スカイコート日本橋第5(非公開)', '東京都中央区東日本橋２丁目15', NULL, NULL, 'マンション', NULL, NULL, NULL, NULL),
(130, 64, 'チュリス武蔵関(非公開)', '東京都練馬区関町北１丁目17-6', NULL, NULL, 'マンション', NULL, NULL, NULL, NULL),
(131, 64, 'メゾン・ド・パラディ(非公開)', '東京都新宿区下落合２丁目１４−２８', NULL, NULL, 'マンション', NULL, NULL, NULL, NULL),
(132, 64, 'シンシティー哲学堂レブプレスト(非公開)', '東京都新宿区西落合２丁目１６−１０', NULL, NULL, 'マンション', NULL, NULL, NULL, NULL),
(133, 64, 'グランヴァン杉並北(非公開)', '東京都杉並区井草２丁目２０−８', NULL, NULL, 'マンション', NULL, NULL, NULL, NULL),
(134, 64, 'サンフォート(非公開)', '東京都練馬区上石神井４丁目９−２２', NULL, NULL, 'マンション', NULL, NULL, NULL, NULL),
(135, 64, 'Q丁目１１−３４', '東京都杉並区阿佐谷南', NULL, NULL, 'アパート', NULL, NULL, NULL, NULL),
(136, 64, 'ファムールM(非公開)', '東京都練馬区上石神井１丁目３８−４', NULL, NULL, 'アパート', NULL, NULL, NULL, NULL),
(137, 64, 'フォレシティ神田多町(非公開)', '東京都千代田区神田多町２丁目11', NULL, NULL, 'マンション', NULL, NULL, NULL, NULL),
(138, 64, 'アリカ新御徒町(非公開)', '東京都台東区元浅草３丁目8-3', NULL, NULL, 'マンション', NULL, NULL, NULL, NULL),
(139, 64, 'アル　フィオーレ(非公開)', '東京都練馬区関町北１丁目1', NULL, NULL, 'マンション', NULL, NULL, NULL, NULL),
(140, 64, 'ブライズ高田馬場(公開)', '東京都新宿区下落合４丁目1-4', NULL, NULL, 'マンション', NULL, NULL, NULL, NULL),
(141, 64, 'パークウェル五反田(非公開)', '東京都品川区西五反田８丁目３−１１', NULL, NULL, 'マンション', NULL, NULL, NULL, NULL),
(142, 64, 'パークハビオ赤坂氷川町(非公開)', '東京都港区赤坂６丁目６−１７', NULL, NULL, 'マンション', NULL, NULL, NULL, NULL),
(143, 64, '菱和パレス上馬(非公開)', '東京都世田谷区上馬２丁目15-5', NULL, NULL, 'マンション', NULL, NULL, NULL, NULL),
(144, 64, 'パレステュディオ木森WEST(非公開)', '東京都大田区大森西２丁目15−17', NULL, NULL, 'マンション', NULL, NULL, NULL, NULL),
(145, 64, 'レジオス世田谷尾山台(非公開)', '東京都世田谷区玉堤１丁目29', NULL, NULL, 'マンション', NULL, NULL, NULL, NULL),
(146, 64, 'レジオス', '東京都文京区白山５丁目1', NULL, NULL, 'マンション', NULL, NULL, NULL, NULL),
(147, 64, 'スパシエベルーザ練馬(公開)', '東京都練馬区南田中３丁目２８−１５', NULL, NULL, 'マンション', NULL, NULL, NULL, NULL),
(148, 64, 'ロイヤルガーデン哲学堂(非公開)', '東京都中野区松が丘１丁目32-7', NULL, NULL, 'マンション', NULL, NULL, NULL, NULL),
(149, 64, 'ルイシャトレ早稲田(非公開)', '東京都新宿区西早稲田２丁目１１−１５', NULL, NULL, 'マンション', NULL, NULL, NULL, NULL),
(150, 64, 'グランヴァン高田馬場(非公開)', '東京都新宿区下落合１丁目１４−７', NULL, NULL, 'マンション', NULL, NULL, NULL, NULL),
(151, 64, 'エアフォルクブルー(非公開)', '東京都世田谷区船橋２丁目19-22', NULL, NULL, 'アパート', NULL, NULL, NULL, NULL),
(152, 64, 'ライオンズマンション浅草言問橋(非公開)', '東京都台東区花川戸２丁目１７−１０', NULL, NULL, 'マンション', NULL, NULL, NULL, NULL),
(153, 64, 'リリオハイツ(公開)', '東京都中野区若宮１丁目36', NULL, NULL, 'マンション', NULL, NULL, NULL, NULL),
(154, 64, 'スカイコート都立家政ＥＡＳＴ(公開)', '東京都練馬区中村南１丁目５−８', NULL, NULL, 'マンション', NULL, NULL, NULL, NULL),
(155, 64, 'ベルファース北新宿(非公開)', '東京都新宿区北新宿１丁目8-24', NULL, NULL, 'マンション', NULL, NULL, NULL, NULL),
(156, 64, '椏s中野区沼袋２丁目33-12', '東', NULL, NULL, 'アパート', NULL, NULL, NULL, NULL),
(157, 64, 'ユナイテッドグロー西落合(非公開)', '東京都新宿区西落合１丁目２８−３', NULL, NULL, 'マンション', NULL, NULL, NULL, NULL),
(158, 64, 'セブンハイム(非公開)', '東京都練馬区下石神井４丁目２２−１４', NULL, NULL, 'マンション', NULL, NULL, NULL, NULL),
(159, 64, 'ゲイン石神井合(非公開)', '東京都練馬区石神井台５丁目２２−３', NULL, NULL, 'マンション', NULL, NULL, NULL, NULL),
(160, 64, 'プレール・ドゥーク新宿中落合(非公開)', '東京都新宿区中落合２丁目7', NULL, NULL, 'マンション', NULL, NULL, NULL, NULL),
(161, 64, 'レジディア吉祥寺(非公開)', '東京都武蔵野市吉祥寺東町１丁目15', NULL, NULL, 'マンション', NULL, NULL, NULL, NULL),
(162, 64, 'ダイホープラザ高田馬場?(公開)', '東京都新宿区高田馬場３丁目２４−１', NULL, NULL, 'マンション', NULL, NULL, NULL, NULL),
(163, 64, 'カルム千歳(非公開)', '東京都世田谷区千歳台１丁目２０−２４', NULL, NULL, 'アパート', NULL, NULL, NULL, NULL),
(164, 64, 'サニーヴェール青山(非公開)', '東京都練馬区立野町６−１', NULL, NULL, 'アパート', NULL, NULL, NULL, NULL),
(165, 64, 'ライオンズマンション板橋大原(非公開)', '東京都板橋区大原町11-17', NULL, NULL, 'マンション', NULL, NULL, NULL, NULL),
(166, 64, '高田４丁目22-3', '東京都中野区上', NULL, NULL, 'マンション', NULL, NULL, NULL, NULL),
(167, 64, 'ガーデン荻窪(公開)', '東京都杉並区清水２丁目16', NULL, NULL, 'マンション', NULL, NULL, NULL, NULL),
(168, 64, 'レフィナード白鷺(非公開)', '東京都中野区白鷺３丁目5-12', NULL, NULL, 'マンション', NULL, NULL, NULL, NULL),
(169, 64, 'コーポウィングI(公開)', '東京都練馬区下石神井２丁目33', NULL, NULL, 'アパート', NULL, NULL, NULL, NULL),
(170, 64, '東中野台ローヤルコーポ(非公開)', '東京都中野区東中野５丁目15', NULL, NULL, 'マンション', NULL, NULL, NULL, NULL),
(171, 64, 'ウェルハイム関町(非公開)', '東京都練馬区関町南２丁目１', NULL, NULL, 'マンション', NULL, NULL, NULL, NULL),
(172, 64, '東京都板橋区大山東町２６−２', 'マンション', NULL, NULL, '?', NULL, NULL, NULL, NULL),
(173, 64, 'エクセルカーナ(非公開)', '東京都目黒区祐天寺２丁目８−３', NULL, NULL, 'マンション', NULL, NULL, NULL, NULL),
(174, 64, 'メゾン隨喜(非公開)', '東京都新宿区上落合２丁目8', NULL, NULL, 'マンション', NULL, NULL, NULL, NULL),
(175, 64, 'セイコーガーデン成増(非公開)', '東京都板橋区成増１丁目28-13', NULL, NULL, 'マンション', NULL, NULL, NULL, NULL),
(176, 64, 'グレイス西東京(公開)', '東京都西東京市柳沢５丁目１２−１８', NULL, NULL, 'マンション', NULL, NULL, NULL, NULL),
(177, 64, 'シュロス高田馬場(公開)', '東京都豊島区高田３丁目２２−１０', NULL, NULL, 'マンション', NULL, NULL, NULL, NULL),
(178, 64, 'グランジュール目白西(公開)', '東京都新宿区下落合４丁目4', NULL, NULL, 'マンション', NULL, NULL, NULL, NULL),
(179, 64, 'アッパルタメントベルベデーレ(非公開)', '東京都新宿区中井２丁目２０−９', NULL, NULL, 'マンション', NULL, NULL, NULL, NULL),
(180, 64, 'Rock Point 21(非公開)', '東京都新宿区西落合１丁目２９', NULL, NULL, 'マンション', NULL, NULL, NULL, NULL),
(181, 64, 'コープあかね(公開)', '東京都中野区上高田４丁目４−１', NULL, NULL, 'アパート', NULL, NULL, NULL, NULL),
(182, 64, '富士見ハイツ(非公開)', '東京都小平市鈴木町２丁目８４４-2', NULL, NULL, 'マンション', NULL, NULL, NULL, NULL),
(183, 64, 'ルミエール322(', '東京都新宿区上落合３丁目１９', NULL, NULL, 'マンション', NULL, NULL, NULL, NULL),
(184, 64, 'ハウスONE(非公開)', '東京都杉並区下井草３丁目２７−１６', NULL, NULL, 'アパート', NULL, NULL, NULL, NULL),
(185, 64, 'レジデンスグランデュール(非公開)', '東京都練馬区上石神井４丁目９−２１', NULL, NULL, 'マンション', NULL, NULL, NULL, NULL),
(186, 64, ' 	ライジングプレイス練馬関町ステーションスクエア(非公開)', '東京都練馬区関町北１丁目２３−１７', NULL, NULL, 'マンション', NULL, NULL, NULL, NULL),
(187, 64, 'Villa　SERAI(非公開)', '東京都中野区松が丘１丁目22-21', NULL, NULL, 'アパート', NULL, NULL, NULL, NULL),
(188, 64, 'ベルファミール(公開)', '東京都中野区上高田４丁目40-8', NULL, NULL, 'アパート', NULL, NULL, NULL, NULL),
(189, 64, '川上', '株式会社 ヒロ・コーポレーション本店', NULL, NULL, '1ヵ月', NULL, NULL, NULL, NULL),
(190, 64, '第２森西ビル(公開)', '東京都杉並区井草３丁目24', NULL, NULL, 'マンション', NULL, NULL, NULL, NULL),
(191, 64, 'サンテラスM(非公開)', '東京都東村山市萩山町１丁目10-18', NULL, NULL, 'アパート', NULL, NULL, NULL, NULL),
(192, 64, 'ジュネス東伏見(非公開)', '東京都練馬区関町南４丁目25', NULL, NULL, 'マンション', NULL, NULL, NULL, NULL),
(193, 64, 'グラマシー井草(公開)', '東京都杉並区井草５丁目４−4', NULL, NULL, 'マンション', NULL, NULL, NULL, NULL),
(194, 64, '第２森西ビル(非公開)', '東京都杉並区井草３丁目２４−１５', NULL, NULL, 'マンション', NULL, NULL, NULL, NULL),
(195, 64, 'ベネチアーノ (非公開)', '東京都中野区大和町３丁目１１−８', NULL, NULL, 'マンション', NULL, NULL, NULL, NULL),
(196, 64, 'ザ・リーヴ　池袋駅前店', '1ヵ月', NULL, NULL, '1ヵ月', NULL, NULL, NULL, NULL),
(197, 64, 'モンシャトー富士(非公開)', '東京都西東京市富士町３丁目９−２０', NULL, NULL, 'アパート', NULL, NULL, NULL, NULL),
(198, 64, 'スカイハイツ(公開)', '東京都中野区鷺宮３丁目３７−１５', NULL, NULL, 'アパート', NULL, NULL, NULL, NULL),
(199, 64, '東九マンション(非公開)', '東京都新宿区西落合２丁目13-19', NULL, NULL, 'マンション', NULL, NULL, NULL, NULL),
(200, 64, 'アミカル・エフ(公開)', '東京都新宿区上落合２丁目８−１８', NULL, NULL, 'マンション', NULL, NULL, NULL, NULL),
(201, 64, 'サンパレス駒込壱番館(非公開)', '東京都北区田端３丁目3-10', NULL, NULL, 'マンション', NULL, NULL, NULL, NULL),
(202, 64, 'グローリオ田無(非公開)', '東京都西東京市西原町１丁目3-1', NULL, NULL, 'マンション', NULL, NULL, NULL, NULL),
(203, 64, 'Ｒｕａ　目白(公開)', '東京都新宿区下落合３丁目２２−１８', NULL, NULL, 'アパート', NULL, NULL, NULL, NULL),
(204, 64, 'ピアコートＴＭ鷺宮壱番館(非公開)', '東京都中野区鷺宮３丁目44-8', NULL, NULL, 'マンション', NULL, NULL, NULL, NULL),
(205, 64, 'グランハイツ高田馬場(公開)', '東京都新宿区高田馬場３丁目3', NULL, NULL, 'マンション', NULL, NULL, NULL, NULL),
(206, 64, 'ハイツ・サン(非公開)', '東京都新宿区高田馬場４丁目2-22', NULL, NULL, 'マンション', NULL, NULL, NULL, NULL),
(207, 64, 'グレンパーク中落合(公開)', '東京都新宿区中落合１丁目5', NULL, NULL, 'マンション', NULL, NULL, NULL, NULL),
(208, 64, '(仮)新倉様邸新築工事(', '東京都豊島区目白２丁目24-13', NULL, NULL, 'マンション', NULL, NULL, NULL, NULL),
(209, 64, '(仮)谷島様邸新築工事(非公開)', '東京都中野区上高田５丁目28-10', NULL, NULL, 'マンション', NULL, NULL, NULL, NULL),
(210, 64, '菅原ハウス(公開)', '東京都中野区上高田２丁目１５−１', NULL, NULL, 'アパート', NULL, NULL, NULL, NULL),
(211, 64, 'ハイツ・サン(公開)', '東京都新宿区高田馬場４丁目２−２２', NULL, NULL, 'アパート', NULL, NULL, NULL, NULL),
(212, 64, 'S・K江古田(非公開)', '東京都中野区江古田４丁目36-13', NULL, NULL, 'アパート', NULL, NULL, NULL, NULL),
(213, 64, '日神デュオステージ早稲田(非公開)', '東京都新宿区西早稲田３丁目8-15', NULL, NULL, 'マンション', NULL, NULL, NULL, NULL),
(214, 64, '石神井台２丁目35-28', '東京都練馬区', NULL, NULL, 'マンション', NULL, NULL, NULL, NULL),
(215, 64, 'パークヒルズ山岸(公開)', '東京都新宿区西落合２丁目１５−２', NULL, NULL, 'マンション', NULL, NULL, NULL, NULL),
(216, 64, 'セルベコート野方(公開)', '東京都中野区野方４丁目４４−１５', NULL, NULL, 'マンション', NULL, NULL, NULL, NULL),
(217, 64, 'ベルグレードＯＭ(公開)', '東京都新宿区西落合１丁目３０−４', NULL, NULL, 'マンション', NULL, NULL, NULL, NULL),
(218, 64, 'ゾンネンハイム武蔵関(非公開)', '東京都練馬区関町東２丁目８−４', NULL, NULL, 'マンション', NULL, NULL, NULL, NULL),
(219, 64, 'スカイコートヴァンテアン早稲田(', '東京都新宿区西早稲田２丁目２１−１１', NULL, NULL, 'マンション', NULL, NULL, NULL, NULL),
(220, 64, 'レジデンスグランデュール(公開)', '東京都練馬区上石神井４丁目９−２１', NULL, NULL, 'マンション', NULL, NULL, NULL, NULL),
(221, 64, 'アルテ哲学堂(公開)', '東京都中野区沼袋２丁目15', NULL, NULL, 'マンション', NULL, NULL, NULL, NULL),
(222, 64, 'ココペリハウスMEJIRO(公開)', '東京都新宿区中落合２丁目１７−１４', NULL, NULL, 'マンション', NULL, NULL, NULL, NULL),
(223, 64, 'ラ　ソラーナ(公開)', '東京都新宿区早稲田鶴巻町４４', NULL, NULL, 'マンション', NULL, NULL, NULL, NULL),
(224, 64, 'カーネ西早稲田(非公開)', '東京都新宿区西早稲田３丁目31', NULL, NULL, 'マンション', NULL, NULL, NULL, NULL),
(225, 64, '東京都中野区新井４丁目１８−６', 'アパート', NULL, NULL, '仲介', NULL, NULL, NULL, NULL),
(226, 64, 'S・ソフィア杉並(非公開)', '東京都杉並区下井草２丁目５−１７', NULL, NULL, 'アパート', NULL, NULL, NULL, NULL),
(227, 64, 'シースペース志村坂上(非公開)', '東京都板橋区前野町３丁目44-11', NULL, NULL, 'マンション', NULL, NULL, NULL, NULL),
(228, 64, 'エクセリア川崎(非公開)', '神奈川県川崎市川崎区小川町13-5', NULL, NULL, 'マンション', NULL, NULL, NULL, NULL),
(229, 64, 'ゾンネンハイム武蔵関(公開)', '東京都練馬区関町東２丁目８−４', NULL, NULL, 'マンション', NULL, NULL, NULL, NULL),
(230, 64, 'KIKビル(公開)', '東京都新宿区高田馬場１丁目１６−３０', NULL, NULL, 'マンション', NULL, NULL, NULL, NULL),
(231, 64, 'アバンテ鷺宮(非公開)', '東京都中野区上鷺宮１丁目5', NULL, NULL, 'マンション', NULL, NULL, NULL, NULL),
(232, 64, 'パークヒルズ落合(非公開)', '東京都新宿区上落合１丁目5-1', NULL, NULL, 'マンション', NULL, NULL, NULL, NULL),
(233, 64, 'ラ・ヴィータ高円寺(公開)', '東京都中野区野方１丁目５８−３', NULL, NULL, 'アパート', NULL, NULL, NULL, NULL),
(234, 64, 'アプリコット・ハイツ(非公開)', '東京都中野区鷺宮４丁目31-7', NULL, NULL, 'マンション', NULL, NULL, NULL, NULL),
(235, 64, 'ピア中野新井(公開)', '東京都中野区新井１丁目１５−２４', NULL, NULL, 'マンション', NULL, NULL, NULL, NULL),
(236, 64, 'ガーデンハイツ1号館(公開)', '東京都新宿区上落合２丁目１３−２６', NULL, NULL, 'マンション', NULL, NULL, NULL, NULL),
(237, 64, '0ヵ月', '3000円', NULL, NULL, '6万2000円', NULL, NULL, NULL, NULL),
(238, 64, 'セジョリ高田馬場(非公開)', '東京都新宿区高田馬場４丁目24-1', NULL, NULL, 'マンション', NULL, NULL, NULL, NULL),
(239, 64, 'スプランドゥール(非公開)', '東京都練馬区南大泉２丁目3-46', NULL, NULL, 'マンション', NULL, NULL, NULL, NULL),
(240, 64, 'プレール新宿落合(非公開)', '東京都新宿区上落合１丁目19', NULL, NULL, 'マンション', NULL, NULL, NULL, NULL),
(241, 64, '藤和シティホームズ下落合(公開)', '東京都新宿区下落合４丁目５−７', NULL, NULL, 'マンション', NULL, NULL, NULL, NULL),
(242, 64, 'シャンブルＳ(非公開)', '東京都杉並区高円寺南３丁目24-8', NULL, NULL, 'マンション', NULL, NULL, NULL, NULL),
(243, 64, 'ライオンズテラス武蔵', '東京都小金井市緑町３丁目3-21', NULL, NULL, 'マンション', NULL, NULL, NULL, NULL),
(244, 64, 'ジェイズ鷺ノ宮(非公開)', '東京都中野区若宮３丁目1', NULL, NULL, 'マンション', NULL, NULL, NULL, NULL),
(245, 64, 'ベルテ正木(公開)', '東京都新宿区高田馬場２丁目２−３', NULL, NULL, 'マンション', NULL, NULL, NULL, NULL),
(246, 64, 'メゾンドボヌール(非公開)', '東京都中野区鷺宮４丁目11-10', NULL, NULL, 'マンション', NULL, NULL, NULL, NULL),
(247, 64, 'グリーンハイツ花小金井(非公開)', '東京都小平市花小金井６丁目17-9', NULL, NULL, 'マンション', NULL, NULL, NULL, NULL),
(248, 64, '吉祥寺ビューハイツ(非公開)', '東京都武蔵野市吉祥寺本町１丁目30-7', NULL, NULL, 'マンション', NULL, NULL, NULL, NULL),
(249, 64, 'ルーブル武蔵関(公開)', '東京都練馬区関町北５丁目６−６', NULL, NULL, 'マンション', NULL, NULL, NULL, NULL),
(250, 64, 'フォルティス♯004(公開)', '東京都板橋区高島平１丁目79', NULL, NULL, 'マンション', NULL, NULL, NULL, NULL),
(251, 64, 'アヴァンティ哲学堂公園(非公開)', '東京都新宿区西落合１丁目２５−９', NULL, NULL, 'マンション', NULL, NULL, NULL, NULL),
(252, 64, 'ヴェルデ下落合(非公開)', '東京都新宿区中落合１丁目１−５', NULL, NULL, 'マンション', NULL, NULL, NULL, NULL),
(253, 64, 'アルテシモ　セレーノ(公開)', '東京都練馬区中村３丁目22', NULL, NULL, 'マンション', NULL, NULL, NULL, NULL),
(254, 64, '賃貸マンション　(公開)', '東京都練馬区石神井台７丁目1', NULL, NULL, 'マンション', NULL, NULL, NULL, NULL),
(255, 64, '東京都新宿区中落合２丁目1', 'ンション', NULL, NULL, 'マ', NULL, NULL, NULL, NULL),
(256, 64, '家賃アパート(非公開)', '東京都杉並区下井草４丁目1', NULL, NULL, 'アパート', NULL, NULL, NULL, NULL),
(257, 64, '賃貸マンション(非公開)', '東京都新宿区上落合１丁目１', NULL, NULL, 'マンション', NULL, NULL, NULL, NULL),
(258, 64, '東京都墨田区東向島５丁目13', '', NULL, NULL, 'マンショ', NULL, NULL, NULL, NULL),
(259, 64, 'フェニックス飯田橋　(非公開)', '東京都文京区水道１丁目2', NULL, NULL, 'マンション', NULL, NULL, NULL, NULL),
(260, 64, 'カクタス伊藤館(非公開)', '東京都中野区中野５丁目４９−１', NULL, NULL, 'マンション', NULL, NULL, NULL, NULL),
(261, 64, 'グランフォース上野入谷(非公開)', '東京都台東区入谷１丁目5', NULL, NULL, 'マンション', NULL, NULL, NULL, NULL),
(262, 64, 'パークウェル早稲田(非公開)', '東京都豊島区高田１丁目１７−２０', NULL, NULL, 'マンション', NULL, NULL, NULL, NULL),
(263, 64, 'マイスタイルプレミアム町屋弐番館(非公開)', '東京都荒川区荒川４丁目３−３', NULL, NULL, 'アパート', NULL, NULL, NULL, NULL),
(264, 64, 'グランジュール目白西(非公開)', '東京都新宿区下落合４丁目４−８', NULL, NULL, 'マンション', NULL, NULL, NULL, NULL),
(265, 64, 'パローマIOGI(非公開)', '東京都杉並区井草４丁目５−１５', NULL, NULL, 'マンション', NULL, NULL, NULL, NULL),
(266, 64, 'ハイツリリー豊玉(非公開)', '東京都練馬区豊玉南３丁目２３−８', NULL, NULL, 'マンション', NULL, NULL, NULL, NULL),
(267, 64, 'フォーラム都立家政(非公開)', '東京都中野区若宮２丁目７−１３', NULL, NULL, 'マンション', NULL, NULL, NULL, NULL),
(268, 64, 'ハイツロビン(非公開)', '東京都中野区上高田５丁目３７−６', NULL, NULL, 'マンション', NULL, NULL, NULL, NULL),
(269, 64, 'アステール荻窪(非公開)', '東京都杉並区桃井２丁目２−１１', NULL, NULL, 'マンション', NULL, NULL, NULL, NULL),
(270, 64, 'フェニックスマンション小金井(非公開)', '東京都小金井市本町２丁目１７−１０', NULL, NULL, 'マンション', NULL, NULL, NULL, NULL),
(271, 64, '301(非公開)', 'グレイスサイト石榮(非公開)', NULL, NULL, '東京都豊島区高田１丁目13-2', NULL, NULL, NULL, NULL),
(272, 64, 'GIPSER(非公開)', '東京都練馬区東大泉６丁目３４−４６', NULL, NULL, 'マンション', NULL, NULL, NULL, NULL),
(273, 64, 'ヒルズ三田(非公開)', '東京都目黒区三田２丁目７−１６', NULL, NULL, 'マンション', NULL, NULL, NULL, NULL),
(274, 64, '下谷ハウス(非公開)', '東京都台東区下谷２丁目19', NULL, NULL, 'マンション', NULL, NULL, NULL, NULL),
(275, 64, '東京都杉並区方南１丁目1-1', 'マンション', NULL, NULL, '介', NULL, NULL, NULL, NULL),
(276, 64, 'スペーシア梅屋敷(非公開)', '東京都大田区東蒲田１丁目1-22', NULL, NULL, 'マンション', NULL, NULL, NULL, NULL),
(277, 64, 'ワコーレルミエール三ノ輪(非公開)', '東京都荒川区東日暮里１丁目1-4', NULL, NULL, 'マンション', NULL, NULL, NULL, NULL),
(278, 64, 'アステール荻窪 (非公開)', '東京都杉並区桃井２丁目2-11', NULL, NULL, 'マンション', NULL, NULL, NULL, NULL),
(279, 64, 'リベルタ中落合(非公開)', '東京都新宿区中落合１丁目１７−６', NULL, NULL, 'マンション', NULL, NULL, NULL, NULL),
(280, 64, 'ガラ・ステージ高円寺(非公開)', '東京都中野区大和町１丁目３１−２', NULL, NULL, 'マンション', NULL, NULL, NULL, NULL),
(281, 64, 'スカイコートTOKYOスカイツリー(非公開)', '東京都墨田区向島１丁目１０−６', NULL, NULL, 'マンション', NULL, NULL, NULL, NULL),
(282, 64, 'ジョイフルガーデン(非公開)', '東京都品川区荏原１丁目１８−１１', NULL, NULL, 'アパート', NULL, NULL, NULL, NULL),
(283, 64, 'ＳＱＵＡＲＥ潮見(非公開)', '東京都江東区潮見２丁目9-16', NULL, NULL, 'マンション', NULL, NULL, NULL, NULL),
(284, 64, 'シーアイマンション池袋西(非公開)', '東京都板橋区南町6', NULL, NULL, 'マンション', NULL, NULL, NULL, NULL),
(285, 64, '豊島園パークハイツ(非公開)', '東京都練馬区春日町５丁目8', NULL, NULL, 'マンション', NULL, NULL, NULL, NULL),
(286, 64, 'サンパレス駒込壱番館(公開)', '東京都北区田端３丁目3', NULL, NULL, 'マンション', NULL, NULL, NULL, NULL),
(287, 64, 'ブルーベル上井草(公開)', '東京都杉並区上井草２丁目40', NULL, NULL, 'マンション', NULL, NULL, NULL, NULL),
(288, 64, 'パークヒルズ落合(非公開)', '東京都新宿区上落合１丁目5', NULL, NULL, 'マンション', NULL, NULL, NULL, NULL),
(289, 64, 'レーベン(公開)', '東京都中野区沼袋１丁目42', NULL, NULL, 'アパート', NULL, NULL, NULL, NULL),
(290, 64, 'サンドリヨン(非公開)', '東京都練馬区中村南１丁目26-11', NULL, NULL, 'マンション', NULL, NULL, NULL, NULL),
(291, 64, 'セトル豊郷(非公開)', '東京都杉並区下高井戸１丁目４−１８', NULL, NULL, 'アパート', NULL, NULL, NULL, NULL),
(292, 64, 'シティコア新宿(非公開)', '東京都新宿区大久保２丁目29', NULL, NULL, 'マンション', NULL, NULL, NULL, NULL),
(293, 64, 'スカイハイツ(公開)', '東京都中野区鷺宮６丁目19-10', NULL, NULL, 'マンション', NULL, NULL, NULL, NULL),
(294, 64, 'ヴァン・ベール(公開)', '東京都新宿区高田馬場３丁目32', NULL, NULL, 'マンション', NULL, NULL, NULL, NULL),
(295, 64, 'スパシエルクス中野野方(公開)', '東京都中野区野方６丁目14', NULL, NULL, 'マンション', NULL, NULL, NULL, NULL),
(296, 64, 'ＹＯＫＥ　?(非公開)', '東京都新宿区高田馬場２丁目11', NULL, NULL, 'マンション', NULL, NULL, NULL, NULL),
(297, 64, '東京都練馬区田柄２丁目１−５', 'アパート', NULL, NULL, '仲介', NULL, NULL, NULL, NULL),
(298, 64, 'ステージグランデ上落合(公開)', '東京都新宿区上落合１丁目15', NULL, NULL, 'マンション', NULL, NULL, NULL, NULL),
(299, 64, 'ソブリン落合(非公開)', '東京都新宿区中井１丁目９−１８', NULL, NULL, 'マンション', NULL, NULL, NULL, NULL),
(300, 64, 'プロフ高田馬場(公開)', '東京都新宿区高田馬場２丁目12', NULL, NULL, 'マンション', NULL, NULL, NULL, NULL),
(301, 64, 'シーアイマンション池袋(公開)', '東京都豊島区池袋４丁目３−５', NULL, NULL, 'マンション', NULL, NULL, NULL, NULL),
(302, 64, 'フェニックス下落合(公開)', '東京都新宿区上落合２丁目１−５', NULL, NULL, 'マンション', NULL, NULL, NULL, NULL),
(303, 64, 'ブルーベル上井草(公開)', '東京都杉並区上井草２丁目40-15', NULL, NULL, 'マンション', NULL, NULL, NULL, NULL),
(304, 64, 'パークヒルズ落合(公開)', '東京都新宿区上落合１丁目5-1', NULL, NULL, 'マンション', NULL, NULL, NULL, NULL),
(305, 64, 'レーベン(公開)', '東京都中野区沼袋１丁目42-6', NULL, NULL, 'アパート', NULL, NULL, NULL, NULL),
(306, 64, 'ルーク西早稲田(公開)', '東京都新宿区西早稲田２丁目18−26', NULL, NULL, 'マンション', NULL, NULL, NULL, NULL),
(307, 64, 'メゾンミタケ第2(非公開)', '東京都練馬区石神井台４丁目９−１６', NULL, NULL, 'マンション', NULL, NULL, NULL, NULL),
(308, 64, 'プロスペアー若宮(公開)', '東京都中野区若宮１丁目５０−１２', NULL, NULL, 'アパート', NULL, NULL, NULL, NULL),
(309, 64, '1ヵ月', '3000円', NULL, NULL, '7万円', NULL, NULL, NULL, NULL),
(310, 64, 'ヴォーガコルテ都立家政(公開)', '東京都中野区鷺宮２丁目5', NULL, NULL, 'マンション', NULL, NULL, NULL, NULL),
(311, 64, 'パークアクシス高田馬場テラス(非公開)', '東京都新宿区高田馬場２丁目6', NULL, NULL, 'マンション', NULL, NULL, NULL, NULL),
(312, 64, 'Ｋマンション(公開)', '東京都中野区鷺宮１丁目１５−１２', NULL, NULL, 'マンション', NULL, NULL, NULL, NULL),
(313, 64, 'スカイコート早稲田壱番館(公開)', '東京都新宿区高田馬場１丁目４−２０', NULL, NULL, 'マンション', NULL, NULL, NULL, NULL),
(314, 64, 'ステージファースト明大前アジールコート(非公開)', '東京都世田谷区松原１丁目53-2', NULL, NULL, 'マンション', NULL, NULL, NULL, NULL),
(315, 64, '東京都新宿区中井１丁目９−１７', 'Aパート', NULL, NULL, '', NULL, NULL, NULL, NULL),
(316, 64, 'クラーク高田馬場(公開)', '東京都新宿区高田馬場３丁目４４−２', NULL, NULL, 'アパート', NULL, NULL, NULL, NULL),
(317, 64, 'クレストエイト(公開)', '東京都新宿区下落合３丁目12', NULL, NULL, 'アパート', NULL, NULL, NULL, NULL),
(318, 64, 'パルクベール下井草(非公開)', '東京都杉並区下井草４丁目34-1', NULL, NULL, 'マンション', NULL, NULL, NULL, NULL),
(319, 64, 'グレースベガ(公開)', '東京都新宿区高田馬場３丁目３２−８', NULL, NULL, 'アパート', NULL, NULL, NULL, NULL),
(320, 64, 'スカイコート高田馬場第5(公開)', '東京都新宿区下落合２丁目6-1', NULL, NULL, 'マンション', NULL, NULL, NULL, NULL),
(321, 64, 'アッパルタメント　ベルベデーレ(非公開)', '東京都新宿区中井２丁目20', NULL, NULL, 'マンション', NULL, NULL, NULL, NULL),
(322, 64, 'コーポ平岡(非公開)', '東京都新宿区西早稲田２丁目17', NULL, NULL, 'アパート', NULL, NULL, NULL, NULL),
(323, 64, 'ＡＫＩＳ　ＣＯＵＲＴ(公開)', '東京都新宿区西早稲田３丁目９−６', NULL, NULL, 'マンション', NULL, NULL, NULL, NULL),
(324, 64, '目8', '東京都中野区上鷺宮５丁', NULL, NULL, 'マンション', NULL, NULL, NULL, NULL),
(325, 64, 'ガーデン荻窪(公開)', '東京都杉並区清水２丁目16-21', NULL, NULL, 'マンション', NULL, NULL, NULL, NULL),
(326, 64, 'プレール・ドゥーク目白(公開)', '東京都豊島区目白５丁目8', NULL, NULL, 'マンション', NULL, NULL, NULL, NULL),
(327, 64, 'ルーブル鷺宮参番館(非公開)', '東京都中野区鷺宮４丁目20', NULL, NULL, 'マンション', NULL, NULL, NULL, NULL),
(328, 64, 'ルーブル井荻(公開)', '東京都杉並区井草３丁目２４−１１', NULL, NULL, 'マンション', NULL, NULL, NULL, NULL),
(329, 64, 'ルーブル上鷺宮(公開)', '東京都中野区上鷺宮５丁目８−２', NULL, NULL, 'マンション', NULL, NULL, NULL, NULL),
(330, 64, '東京都新宿区西落合２丁目22-16', 'ョン', NULL, NULL, 'マンシ', NULL, NULL, NULL, NULL),
(331, 64, 'ロアール江古田(公開)', '東京都中野区江古田４丁目2-1', NULL, NULL, 'マンション', NULL, NULL, NULL, NULL),
(332, 64, 'ルーブル下井草弐番館(公開)', '東京都杉並区下井草３丁目１−２', NULL, NULL, 'マンション', NULL, NULL, NULL, NULL),
(333, 64, 'メゾン・ド・芝?(公開)', '東京都杉並区下井草４丁目２５−４', NULL, NULL, 'アパート', NULL, NULL, NULL, NULL),
(334, 64, 'ルーブル中野沼袋弐番館(非公開)', '東京都中野区沼袋４丁目４１−８', NULL, NULL, 'マンション', NULL, NULL, NULL, NULL),
(335, 64, 'ヴィラ・ジェンマ(非公開)', '東京都練馬区関町北３丁目２８−３', NULL, NULL, 'マンション', NULL, NULL, NULL, NULL),
(336, 64, 'イクス本所吾妻橋(非公開)', '東京都墨田区本所４丁目19-10', NULL, NULL, 'マンション', NULL, NULL, NULL, NULL),
(337, 64, 'マンション　ウィスタリア?(非公開)', '東京都新宿区高田馬場４丁目36-18', NULL, NULL, 'マンション', NULL, NULL, NULL, NULL),
(338, 64, 'グランジュール目白西(非公開)', '東京都新宿区下落合４丁目4', NULL, NULL, 'マンション', NULL, NULL, NULL, NULL),
(339, 64, 'アプローズ落合(非公開)', '東京都中野区上高田４丁目22-3', NULL, NULL, 'マンション', NULL, NULL, NULL, NULL),
(340, 64, 'アンソレイユ(非公開', '東京都練馬区関町北３丁目50', NULL, NULL, 'マンション', NULL, NULL, NULL, NULL),
(341, 64, 'アヴァンティ哲学堂公園(公開)', '東京都新宿区西落合１丁目２５−９', NULL, NULL, 'マンション', NULL, NULL, NULL, NULL),
(342, 64, '関町南レジデンス2(非公開)', '東京都練馬区関町南２丁目２２−７', NULL, NULL, 'アパート', NULL, NULL, NULL, NULL),
(343, 64, '野方サニーハイツ(公開)', '東京都中野区野方４丁目１９−６', NULL, NULL, 'マンション', NULL, NULL, NULL, NULL),
(344, 64, 'アーキスコート(公開)', '東京都豊島区高田３丁目9-6', NULL, NULL, 'アパート', NULL, NULL, NULL, NULL),
(345, 64, 'インペリアル高田馬場(公開)', '東京都新宿区高田馬場２丁目12', NULL, NULL, 'マンション', NULL, NULL, NULL, NULL),
(346, 64, '都杉並区桃井２丁目２４−１５', '東京', NULL, NULL, 'マンション', NULL, NULL, NULL, NULL),
(347, 64, 'ランベール下落合(非公開)', '東京都新宿区下落合４丁目6', NULL, NULL, 'アパート', NULL, NULL, NULL, NULL),
(348, 64, 'グリーンハイツ奥間(公開)', '東京都中野区上高田２丁目５６−２', NULL, NULL, 'アパート', NULL, NULL, NULL, NULL);
INSERT INTO `home_house` (`id`, `user_id`, `house_name`, `house_address`, `house_area`, `house_build_time`, `house_type`, `house_description`, `house_photo`, `house_structure`, `house_owner_id`) VALUES
(349, 64, 'フルール・Ｆ(公開)', '東京都練馬区中村２丁目３０−２', NULL, NULL, 'アパート', NULL, NULL, NULL, NULL),
(350, 64, 'メゾンリビエール(非公開)', '東京都葛飾区堀切４丁目1', NULL, NULL, 'マンション', NULL, NULL, NULL, NULL),
(351, 64, 'パティーナ新宿下落合　５０１号室(非公開)', '東京都新宿区上落合２丁目1-3', NULL, NULL, 'マンション', NULL, NULL, NULL, NULL),
(352, 64, 'シャトーリラ(非公開)', '東京都練馬区上石神井４丁目10-21', NULL, NULL, 'マンション', NULL, NULL, NULL, NULL),
(353, 64, 'エル・セレーノ西早稲田(公開)', '東京都新宿区西早稲田２丁目17-29', NULL, NULL, 'マンション', NULL, NULL, NULL, NULL),
(354, 64, 'ガーラ新宿西落合(公開)', '東京都新宿区西落合４丁目1', NULL, NULL, 'マンション', NULL, NULL, NULL, NULL),
(355, 64, 'フェニックス西早稲田(非公開)', '東京都新宿区西早稲田２丁目9', NULL, NULL, 'マンション', NULL, NULL, NULL, NULL),
(356, 64, 'ルーブル高円寺参番館(非公開)', '東京都中野区大和町３丁目25', NULL, NULL, 'マンション', NULL, NULL, NULL, NULL),
(357, 64, 'アムール野火止(非公開)', '東京都東村山市恩多町１丁目９−９', NULL, NULL, 'アパート', NULL, NULL, NULL, NULL),
(358, 64, 'ルーブル上鷺宮(非公開)', '東京都中野区上鷺宮５丁目８−２', NULL, NULL, 'マンション', NULL, NULL, NULL, NULL),
(359, 64, 'ゲインＡ(公開)', '東京都練馬区石神井台５丁目２２−３７', NULL, NULL, 'アパート', NULL, NULL, NULL, NULL),
(360, 64, 'シティコープ目白(非公開)', '東京都豊島区高田２丁目７−１４', NULL, NULL, 'マンション', NULL, NULL, NULL, NULL),
(361, 64, 'プレール・ドゥーク目白アベニュー(非公開)', '東京都新宿区中落合３丁目25', NULL, NULL, 'マンション', NULL, NULL, NULL, NULL),
(362, 64, 'アミューズ鷺宮(非公開)', '東京都中野区上鷺宮１丁目2', NULL, NULL, 'アパート', NULL, NULL, NULL, NULL),
(363, 64, 'スカイコー', '東京都新宿区下落合４丁目2-10', NULL, NULL, 'マンション', NULL, NULL, NULL, NULL),
(364, 64, 'プチ・ポワゾン(公開)', '東京都中野区大和町１丁目５１−４', NULL, NULL, 'アパート', NULL, NULL, NULL, NULL),
(365, 64, 'ステージファースト鷺宮(公開)', '東京都中野区鷺宮２丁目６−１', NULL, NULL, 'マンション', NULL, NULL, NULL, NULL),
(366, 64, 'サンクレール白鷺(公開)', '東京都中野区白鷺２丁目1', NULL, NULL, 'アパート', NULL, NULL, NULL, NULL),
(367, 64, 'フォーラム都立家政(公開)', '東京都中野区若宮２丁目７−１３', NULL, NULL, 'マンション', NULL, NULL, NULL, NULL),
(368, 64, '東京都新宿区中落合２丁目7-9', 'ション', NULL, NULL, 'マン', NULL, NULL, NULL, NULL),
(369, 64, 'ファミーユ中落合(非公開)', '東京都新宿区中落合２丁目16-11', NULL, NULL, 'マンション', NULL, NULL, NULL, NULL),
(370, 64, 'ステージファースト鷺宮(公開)', '東京都中野区鷺宮２丁目6', NULL, NULL, 'マンション', NULL, NULL, NULL, NULL),
(371, 64, 'アーバンステージ落合(公開)', '東京都新宿区中井２丁目17', NULL, NULL, 'マンション', NULL, NULL, NULL, NULL),
(372, 64, 'ラグリーン(公開)', '東京都中野区新井２丁目37', NULL, NULL, 'マンション', NULL, NULL, NULL, NULL),
(373, 64, 'アーバンステージ中野(非公開)', '東京都中野区上高田２丁目17', NULL, NULL, 'マンション', NULL, NULL, NULL, NULL),
(374, 64, '203(非公開)', 'ルーブル新宿西落合(非公開)', NULL, NULL, '東京都新宿区西落合１丁目13', NULL, NULL, NULL, NULL),
(375, 64, '405(非公開)', 'エル・セレーノ西早稲田(非公開)', NULL, NULL, '東京都新宿区西早稲田２丁目17', NULL, NULL, NULL, NULL),
(376, 64, '602(非公開)', 'リベラウェヌス (非公開)', NULL, NULL, '東京都中野区野方６丁目11', NULL, NULL, NULL, NULL),
(377, 64, '207(非公開)', 'ローヤルガーデン(非公開)', NULL, NULL, '東京都新宿区早稲田鶴巻町521', NULL, NULL, NULL, NULL),
(378, 64, '102(非公開)', 'ＩＨ ＳＴＯＲＹ　南長崎	(非公開)', NULL, NULL, '東京都豊島区南長崎４丁目33', NULL, NULL, NULL, NULL),
(379, 64, '204(非公開)', 'パレス高島平(非公開)', NULL, NULL, '東京都板橋区新河岸１丁目6-17', NULL, NULL, NULL, NULL),
(380, 64, '0804(非公開)', 'ヴェルト湯島(非公開)', NULL, NULL, '東京都文京区湯島３丁目32-10', NULL, NULL, NULL, NULL),
(381, 64, '702(公開)', 'ステージファースト井荻(非公開)', NULL, NULL, '東京都杉並区下井草５丁目11', NULL, NULL, NULL, NULL),
(382, 64, '401(非公開)', 'Jc Grande Mode(非公開)', NULL, NULL, '埼玉県富士見市西みずほ台２丁目1', NULL, NULL, NULL, NULL),
(383, 64, '0201(非公開)', 'グランベル中落合(非公開)', NULL, NULL, '東京都新宿区中落合３丁目7', NULL, NULL, NULL, NULL),
(384, 64, '202(非公開)', 'ランデージ東雪谷(非公開)', NULL, NULL, '東京都大田区東雪谷２丁目14', NULL, NULL, NULL, NULL),
(385, 64, '602(非公開)', 'クレアシオン南大塚(非公開)', NULL, NULL, '東京都豊島区南大塚１丁目44', NULL, NULL, NULL, NULL),
(386, 64, '304(非公開)', 'スカイコート池袋西弐番館(非公開)', NULL, NULL, '東京都豊島区要町１丁目1', NULL, NULL, NULL, NULL),
(387, 64, '704(非公開)', 'ヴェルト西大島グラーセ(非公開)', NULL, NULL, '東京都江東区北砂３丁目4-5', NULL, NULL, NULL, NULL),
(388, 64, '601(非公開)', '芝ウエスト(非公開)', NULL, NULL, '東京都港区芝２丁目5', NULL, NULL, NULL, NULL),
(389, 64, '高田馬場パーク・ホームズ(公開)', '東京都新宿区高田馬場４丁目40-2', NULL, NULL, 'マンション', NULL, NULL, NULL, NULL),
(390, 64, '809(非公開)', 'フェニックス武蔵関クアトロ(非公開)', NULL, NULL, '東京都練馬区関町北１丁目21', NULL, NULL, NULL, NULL),
(391, 64, '101(非公開)', 'グランセルコーバ(非公開)', NULL, NULL, '東京都中野区上高田３丁目26', NULL, NULL, NULL, NULL),
(392, 64, '205(非公開)', 'アルメリア中野(非公開)', NULL, NULL, '東京都中野区野方２丁目12', NULL, NULL, NULL, NULL),
(393, 64, '105(非公開)', 'めいきゅう弐番館・参番館(非公開)', NULL, NULL, '東京都杉並区下井草３丁目12', NULL, NULL, NULL, NULL),
(394, 64, '404(非公開)', 'アポーラ中野(非公開)', NULL, NULL, '東京都中野区江古田４丁目23', NULL, NULL, NULL, NULL),
(395, 64, '101(非公開)', 'ステージグランデ上落合(非公開)', NULL, NULL, '東京都新宿区上落合１丁目15', NULL, NULL, NULL, NULL),
(396, 64, '301(非公開)', 'ＬａＳｔａｇｅＮｏｒｔｈＮａｋａｎｏ(非公開)', NULL, NULL, '東京都中野区新井５丁目11', NULL, NULL, NULL, NULL),
(397, 64, '106号室(非公開)', 'シャーメゾン新江古田(非公開)', NULL, NULL, '東京都中野区江原町３丁目34', NULL, NULL, NULL, NULL),
(398, 64, '302(非公開)', 'ピエタテール(非公開)', NULL, NULL, '東京都新宿区西早稲田３丁目20', NULL, NULL, NULL, NULL),
(399, 64, '306(非公開)', 'スカイコート落合第２(非公開)', NULL, NULL, '東京都新宿区中落合１丁目8', NULL, NULL, NULL, NULL),
(400, 64, '205(非公開)', 'Grace Villa　御茶ノ水(非公開)', NULL, NULL, '東京都文京区湯島２丁目8', NULL, NULL, NULL, NULL),
(401, 64, '704(非公開)', 'クレアシオン渋谷神山町(非公開)', NULL, NULL, '東京都渋谷区神山町26', NULL, NULL, NULL, NULL),
(402, 64, '203(非公開)', 'メゾン・ド・メルヴェイユ(非公開)', NULL, NULL, '東京都豊島区南池袋１丁目14', NULL, NULL, NULL, NULL),
(403, 64, '102(非公開)', 'グランスイート文京千石(非公開)', NULL, NULL, '東京都文京区本駒込２丁目29', NULL, NULL, NULL, NULL),
(404, 64, '206(非公開)', 'スカイコート池袋西弐番館(非公開)', NULL, NULL, '東京都豊島区要町１丁目1', NULL, NULL, NULL, NULL),
(405, 64, '502(非公開)', 'ファインクレスト渋谷神泉	(非公開)', NULL, NULL, '東京都渋谷区神泉町9', NULL, NULL, NULL, NULL),
(406, 64, '0802(非公開)', 'クレアシオン浅草?(非公開)', NULL, NULL, '東京都台東区浅草橋３丁目16', NULL, NULL, NULL, NULL),
(407, 64, '101(非公開)', 'パインヒルズキリタ(非公開)', NULL, NULL, '東京都板橋区赤塚３丁目25', NULL, NULL, NULL, NULL),
(408, 64, '201(非公開)', 'セントレ青山(非公開)', NULL, NULL, '東京都港区北青山２丁目12', NULL, NULL, NULL, NULL),
(409, 64, '105(非公開)', 'コーワハイツ(非公開)', NULL, NULL, '東京都渋谷区笹塚１丁目39', NULL, NULL, NULL, NULL),
(410, 64, '504(非公開)', 'カスタリアお茶の水(非公開)', NULL, NULL, '東京都千代田区神田小川町３丁目24', NULL, NULL, NULL, NULL),
(411, 64, '0604(非公開)', 'トランキロ木場(非公開)', NULL, NULL, '東京都江東区塩浜２丁目7', NULL, NULL, NULL, NULL),
(412, 64, '301(非公開)', 'ダイヤビル101(非公開)', NULL, NULL, '東京都練馬区中村３丁目22', NULL, NULL, NULL, NULL),
(413, 64, '3階(非公開)', 'サギノミヤフラッツ(非公開)', NULL, NULL, '東京都中野区鷺宮１丁目28', NULL, NULL, NULL, NULL),
(414, 64, '411(非公開)', '高田馬場パーク・ホームズ(非公開)', NULL, NULL, '東京都新宿区高田馬場４丁目40', NULL, NULL, NULL, NULL),
(415, 64, '105(非公開)', 'サンパークフジ(非公開)', NULL, NULL, '東京都西東京市芝久保町３丁目20', NULL, NULL, NULL, NULL),
(416, 64, '203(非公開)', 'サンフラワーハイツ(非公開)', NULL, NULL, '東京都文京区小日向３丁目3', NULL, NULL, NULL, NULL),
(417, 64, '4階(非公開)', 'ガラ・ステージ目黒	(非公開)', NULL, NULL, '東京都目黒区下目黒３丁目7', NULL, NULL, NULL, NULL),
(418, 64, '05B(非公開)', 'マイスタイル荻窪(非公開)', NULL, NULL, '東京都杉並区上荻２丁目37', NULL, NULL, NULL, NULL),
(419, 64, '304(非公開)', 'クリオ日吉壱番館(非公開)', NULL, NULL, '神奈川県横浜市港北区日吉７丁目21', NULL, NULL, NULL, NULL),
(420, 64, '305(非公開)', 'アーデル中野(非公開)', NULL, NULL, '東京都中野区新井４丁目15', NULL, NULL, NULL, NULL),
(421, 64, '112(非公開)', 'エル・セレーノ西早稲田(非公開)', NULL, NULL, '東京都新宿区西早稲田２丁目17', NULL, NULL, NULL, NULL),
(422, 64, '602(非公開)', '日神パレステージ南長崎(非公開)', NULL, NULL, '東京都新宿区西落合３丁目2', NULL, NULL, NULL, NULL),
(423, 64, '407(非公開)', 'エコタワーバオバブ(非公開)', NULL, NULL, '東京都西東京市保谷町２丁目2', NULL, NULL, NULL, NULL),
(424, 64, '1204(非公開)', 'グランドフェニックス(非公開)', NULL, NULL, '東京都新宿区西早稲田３丁目17', NULL, NULL, NULL, NULL),
(425, 64, '901(非公開)', 'グランヴァン中野江古田(非公開)', NULL, NULL, '東京都中野区江古田２丁目1', NULL, NULL, NULL, NULL),
(426, 64, '204(非公開)', '片山ビル(非公開)', NULL, NULL, '東京都豊島区南長崎２丁目1', NULL, NULL, NULL, NULL),
(427, 64, '308(非公開)', 'ライオンズタワー池袋(非公開)', NULL, NULL, '東京都豊島区東池袋３丁目19', NULL, NULL, NULL, NULL),
(428, 64, '203(非公開)', 'サンパークフジ(非公開)', NULL, NULL, '東京都西東京市芝久保町３丁目20', NULL, NULL, NULL, NULL),
(429, 64, '323(非公開)', 'グローリア初穂高田馬場(非公開)', NULL, NULL, '東京都豊島区高田３丁目5', NULL, NULL, NULL, NULL),
(430, 64, '704(非公開)', 'ラディアスウイング中野南(非公開)', NULL, NULL, '東京都中野区弥生町４丁目25', NULL, NULL, NULL, NULL),
(431, 64, '605(非公開)', 'パークウェル落合(非公開)', NULL, NULL, '東京都中野区上高田４丁目21', NULL, NULL, NULL, NULL),
(432, 64, '203(非公開)', 'CLIFTON HILL(非公開)', NULL, NULL, '東京都新宿区大久保１丁目15', NULL, NULL, NULL, NULL),
(433, 64, 'グレイスサイト石榮(非公開)', '東京都豊島区高田１丁目13-2', NULL, NULL, 'マンション', NULL, NULL, NULL, NULL),
(434, 64, '502(非公開)', '井荻ホームズ(非公開)', NULL, NULL, '東京都杉並区井草３丁目16', NULL, NULL, NULL, NULL),
(435, 64, '402(非公開)', 'Jパークウェル中村橋(非公開)', NULL, NULL, '東京都練馬区中村３丁目37', NULL, NULL, NULL, NULL),
(436, 64, '403(非公開)', 'ラディアスウイング中野南(非公開)', NULL, NULL, '東京都中野区弥生町４丁目25', NULL, NULL, NULL, NULL),
(437, 64, '302(非公開)', 'スカイコート落合第２(非公開)', NULL, NULL, '東京都新宿区中落合１丁目8', NULL, NULL, NULL, NULL),
(438, 64, '206(非公開)', 'ライオンズマンション上石神井第２(非公開)', NULL, NULL, '東京都練馬区上石神井３丁目34', NULL, NULL, NULL, NULL),
(439, 64, '211(非公開)', 'フェニックスマンション小金井(非公開)', NULL, NULL, '東京都小金井市本町２丁目17', NULL, NULL, NULL, NULL),
(440, 64, '0707(非公開)', 'グローバン板橋(非公開)', NULL, NULL, '東京都板橋区板橋１丁目11-7', NULL, NULL, NULL, NULL),
(441, 64, '101(非公開)', 'アルメリア中野 (非公開)', NULL, NULL, '東京都中野区野方２丁目12', NULL, NULL, NULL, NULL),
(442, 64, '1203(非公開)', '（仮称）錦糸町マンション(非公開)', NULL, NULL, '東京都墨田区江東橋２丁目1', NULL, NULL, NULL, NULL),
(443, 64, '102(非公開)', 'レオパレス21　平和島第1(非公開)', NULL, NULL, '東京都大田区大森西２丁目12', NULL, NULL, NULL, NULL),
(444, 64, 'エルヴィエントアース武蔵関公園(公開)', '東京都練馬区関町北３丁目４−８', NULL, NULL, 'マンション', NULL, NULL, NULL, NULL),
(445, 64, 'アーバンステージ落合(公開)', '東京都新宿区中井２丁目17-9', NULL, NULL, 'マンション', NULL, NULL, NULL, NULL),
(446, 64, 'エルボックス松ヶ丘(非公開)', '東京都中野区松が丘１丁目27-5', NULL, NULL, 'マンション', NULL, NULL, NULL, NULL),
(447, 64, '607(非公開)', 'トーシンフェニックス初台弐番館(非公開)', NULL, NULL, '東京都渋谷区本町１丁目15', NULL, NULL, NULL, NULL),
(448, 64, '107(非公開)', '高田馬場パーク・ホームズ(非公開)', NULL, NULL, '東京都新宿区高田馬場４丁目40', NULL, NULL, NULL, NULL),
(449, 64, '402(非公開)', 'ルーブル池上伍番館(非公開)', NULL, NULL, '東京都大田区池上７丁目27', NULL, NULL, NULL, NULL),
(450, 64, '503(非公開)', 'サンテミリオン笹塚(非公開)', NULL, NULL, '東京都中野区南台４丁目1', NULL, NULL, NULL, NULL),
(451, 64, 'フェニックス武蔵関参番館(公開)', '東京都練馬区関町北５丁目6-8', NULL, NULL, 'マンション', NULL, NULL, NULL, NULL),
(452, 64, 'リベルタ中落合(公開)', '東京都新宿区中落合１丁目１７−６', NULL, NULL, 'マンション', NULL, NULL, NULL, NULL),
(453, 64, 'グランベル中落合(公開)', '東京都新宿区中落合３丁目7-3', NULL, NULL, 'マンション', NULL, NULL, NULL, NULL),
(454, 64, 'クラース哲学堂公園(非公開)', '東京都中野区松が丘２丁目６−１２', NULL, NULL, 'マンション', NULL, NULL, NULL, NULL),
(455, 64, '201(非公開)', 'ジョイパーク (非公開)', NULL, NULL, '東京都新宿区高田馬場４丁目22', NULL, NULL, NULL, NULL),
(456, 64, 'ヴィーダ文京本郷(非公開)', '東京都文京区本郷３丁目21-8', NULL, NULL, 'マンション', NULL, NULL, NULL, NULL),
(457, 64, 'マイスタイル中井(公開)', '東京都新宿区上落合３丁目３−５', NULL, NULL, 'アパート', NULL, NULL, NULL, NULL),
(458, 64, '光栄荘(公開)', '東京都新宿区下落合４丁目６−１７', NULL, NULL, 'アパート', NULL, NULL, NULL, NULL),
(459, 64, '諏訪グレードマンション(公開)', '東京都新宿区高田馬場１丁目２０−１７', NULL, NULL, 'マンション', NULL, NULL, NULL, NULL),
(460, 64, 'メゾン・ド・モト(公開)', '東京都新宿区高田馬場３丁目１', NULL, NULL, 'アパート', NULL, NULL, NULL, NULL),
(461, 64, 'コーポ鈴木(公開)', '東京都新宿区西早稲田１丁目１', NULL, NULL, 'マンション', NULL, NULL, NULL, NULL),
(462, 64, 'ボヌール上石神井(公開)', '東京都練馬区上石神井１丁目３８−１１', NULL, NULL, 'マンション', NULL, NULL, NULL, NULL),
(463, 64, 'レジデンス美奈真(公開)', '東京都新宿区高田馬場３丁目４３−１０', NULL, NULL, 'マンション', NULL, NULL, NULL, NULL),
(464, 64, 'クレールHouki(公開)', '東京都中野区上高田３丁目２４−１１', NULL, NULL, 'マンション', NULL, NULL, NULL, NULL),
(465, 64, 'クレドハウス新大久保(非公開)', '東京都新宿区百人町１丁目１５−２０', NULL, NULL, 'アパート', NULL, NULL, NULL, NULL),
(466, 64, 'トーシンフェニックス武蔵関(非公開)', '東京都練馬区関町北２丁目３２−７', NULL, NULL, 'マンション', NULL, NULL, NULL, NULL),
(467, 64, 'アキモトATビル(公開)', '東京都中野区野方２丁目５６−１０', NULL, NULL, 'マンション', NULL, NULL, NULL, NULL),
(468, 64, 'ハイツ中村(公開)', '東京都中野区上高田３丁目１８−７', NULL, NULL, 'マンション', NULL, NULL, NULL, NULL),
(469, 64, 'ハイム国島(公開)', '東京都中野区上高田４丁目３０−４', NULL, NULL, 'マンション', NULL, NULL, NULL, NULL),
(470, 64, '石井マンションＡ(公開)', '東京都中野区松が丘１丁目７−５', NULL, NULL, 'マンション', NULL, NULL, NULL, NULL),
(471, 64, '東ビル(公開)', '東京都中野区上高田３丁目１６−７', NULL, NULL, 'マンション', NULL, NULL, NULL, NULL),
(472, 64, 'レジデンス若宮(公開)', '東京都中野区若宮１丁目１', NULL, NULL, 'アパート', NULL, NULL, NULL, NULL),
(473, 64, 'シャトー・ド・ドゥーカル(公開)', '東京都杉並区井草３丁目２５−６', NULL, NULL, 'マンション', NULL, NULL, NULL, NULL),
(474, 64, 'プレール・ドゥーク目白(公開)', '東京都豊島区目白５丁目8-11', NULL, NULL, 'マンション', NULL, NULL, NULL, NULL),
(475, 64, 'アーバニティ井荻ホームズ(非公開)', '東京都杉並区井草３丁目16', NULL, NULL, 'マンション', NULL, NULL, NULL, NULL),
(476, 64, 'ＳＴコーポ90　Ａ号棟(公開)', '東京都中野区野方１丁目26', NULL, NULL, 'アパート', NULL, NULL, NULL, NULL),
(477, 64, 'ウッドマース(公開)', '東京都中野区野方３丁目１３−７', NULL, NULL, 'アパート', NULL, NULL, NULL, NULL),
(478, 64, 'シーアイマンション池袋(非公開)', '東京都豊島区池袋４丁目３−５', NULL, NULL, 'マンション', NULL, NULL, NULL, NULL),
(479, 64, 'サンハイツ(公開)', '東京都杉並区下井草３丁目３８−９', NULL, NULL, 'アパート', NULL, NULL, NULL, NULL),
(480, 64, 'パールスクウェア(公開)', '東京都練馬区豊玉南１丁目10', NULL, NULL, 'アパート', NULL, NULL, NULL, NULL),
(481, 64, 'No.1435(公開)', '東京都杉並区上井草１丁目1', NULL, NULL, 'アパート', NULL, NULL, NULL, NULL),
(482, 64, 'No.1741(公開)', '東京都練馬区下石神井６丁目1', NULL, NULL, 'マンション', NULL, NULL, NULL, NULL),
(483, 64, 'ＴＣＲＥ新大久保(非公開)', '東京都新宿区百人町２丁目26-23', NULL, NULL, 'マンション', NULL, NULL, NULL, NULL),
(484, 64, 'ロアール早稲田大学前(非公開)', '東京都新宿区西早稲田１丁目16-11', NULL, NULL, 'マンション', NULL, NULL, NULL, NULL),
(485, 64, 'ルーブル新宿西落合七番館(非公開)', '東京都新宿区西落合２丁目22-19', NULL, NULL, 'マンション', NULL, NULL, NULL, NULL),
(486, 64, 'くレアシオン中野北(非公開)', '東京都中野区江古田４丁目35-3', NULL, NULL, 'マンション', NULL, NULL, NULL, NULL),
(487, 64, '203(非公開)', 'クレイシア西小山(非公開)', NULL, NULL, '東京都品川区荏原４丁目17-18', NULL, NULL, NULL, NULL),
(488, 64, 'TTINO多摩川(非公開)', '東京都大田区下丸子２丁目32-8', NULL, NULL, 'マンション', NULL, NULL, NULL, NULL),
(489, 64, 'エスティメジン大泉学園(非公開)', '東京都練馬区東大泉２丁目12-15', NULL, NULL, 'マンション', NULL, NULL, NULL, NULL),
(490, 64, 'ルーブル錦糸町弐番館(非公開)', '東京都江東区毛利１丁目5-6', NULL, NULL, 'マンション', NULL, NULL, NULL, NULL),
(491, 64, 'コンシェリア大森山王(非公開)', '東京都大田区山王３丁目6-27', NULL, NULL, 'マンション', NULL, NULL, NULL, NULL),
(492, 64, 'ラフィネ西荻(非公開)', '東京都杉並区西荻北１丁目2-13', NULL, NULL, 'マンション', NULL, NULL, NULL, NULL),
(493, 64, 'スカイコート中村橋第3(非公開)', '東京都練馬区中村北３丁目21-7', NULL, NULL, 'マンション', NULL, NULL, NULL, NULL),
(494, 64, '302(非公開)', 'ラ・グラーズダイヤモンドマンション秋葉原(非公開)', NULL, NULL, '東京都台東区台東１丁目1-11', NULL, NULL, NULL, NULL),
(495, 64, '504(非公開)', 'パークウェル神田EAST(非公開)', NULL, NULL, '東京都千代田区岩本町３丁目11-2', NULL, NULL, NULL, NULL),
(496, 64, '301(非公開)', 'ヴェルト三軒茶屋(非公開)', NULL, NULL, '東京都世田谷区三軒茶屋１丁目36-14', NULL, NULL, NULL, NULL),
(497, 64, '501(非公開)', 'エルフラット鶯谷(非公開)', NULL, NULL, '東京都台東区根岸２丁目2-1', NULL, NULL, NULL, NULL),
(498, 64, '1006(非公開)', 'LA．プライル新横浜(非公開)', NULL, NULL, '神奈川県横浜市港北区新横浜３丁目1-2', NULL, NULL, NULL, NULL),
(499, 64, 'エクセル八雲(非公開)', '東京都目黒区八雲５丁目14-11', NULL, NULL, 'マンション', NULL, NULL, NULL, NULL),
(500, 64, '菱和パレス池袋駅前(非公開)', '東京都豊島区西池袋２丁目42-3', NULL, NULL, 'マンション', NULL, NULL, NULL, NULL),
(501, 64, 'グランヴァン坂橋本町エコ・ヴェルデ(非公開)', '東京都板橋区本町25-4', NULL, NULL, 'マンション', NULL, NULL, NULL, NULL),
(502, 64, 'グランヴァン上坂橋(非公開)', '東京都板橋区東新町１丁目12-8', NULL, NULL, 'マンション', NULL, NULL, NULL, NULL),
(503, 64, 'コートグローブス(公開)', '東京都新宿区中落合４丁目２３−８', NULL, NULL, 'マンション', NULL, NULL, NULL, NULL);

-- --------------------------------------------------------

--
-- Table structure for table `home_house_owner`
--

CREATE TABLE IF NOT EXISTS `home_house_owner` (
  `id` int(11) NOT NULL AUTO_INCREMENT,
  `house_owner_name` varchar(128) COLLATE utf8_unicode_ci DEFAULT NULL,
  `house_owner_address` text COLLATE utf8_unicode_ci,
  `house_owner_phone` varchar(128) COLLATE utf8_unicode_ci DEFAULT NULL,
  `house_owner_fax` varchar(128) COLLATE utf8_unicode_ci DEFAULT NULL,
  `house_owner_email` varchar(128) COLLATE utf8_unicode_ci DEFAULT NULL,
  `house_owner_photo` varchar(256) COLLATE utf8_unicode_ci DEFAULT NULL,
  PRIMARY KEY (`id`)
) ENGINE=InnoDB  DEFAULT CHARSET=utf8 COLLATE=utf8_unicode_ci AUTO_INCREMENT=20 ;

--
-- Dumping data for table `home_house_owner`
--

INSERT INTO `home_house_owner` (`id`, `house_owner_name`, `house_owner_address`, `house_owner_phone`, `house_owner_fax`, `house_owner_email`, `house_owner_photo`) VALUES
(14, 'Công ty cổ phần HOÀNG ANH GIA LAI', 'Gia Lai - Kon Tum', '0809909090023132156', '0898987989', 'hagl@hagl.com.vn', ''),
(15, 'Công ty cổ phần HOÀNG ANH GIA LAI', 'Gia Lai - Kon Tum', '0809909090', '0898987989', 'hagl@hagl.com.vn', ''),
(16, 'Cường đô la', 'Gia Lai - Kon Tum', '0809909090', '0898987989', 'quoccuong@gialai.com', ''),
(17, 'Ly hao', '20/10, duong 77, P.Tan Quy, Q7', '0933492989', '', 'diepvanhao@gmail.com', ''),
(18, '0809909090023132156', '0898987989', 'hagl@hagl.com.vn', '22', '14', ''),
(19, 'Năm Hùng', '517, Long Hậu, Long Khánh A, Hồng Ngự-Đồng Tháp', '4567587', '0898987989', 'namhung@yahoo.com', '');

-- --------------------------------------------------------

--
-- Table structure for table `home_introduce_house`
--

CREATE TABLE IF NOT EXISTS `home_introduce_house` (
  `id` int(11) NOT NULL AUTO_INCREMENT,
  `user_id` int(11) DEFAULT NULL,
  `client_id` int(11) DEFAULT NULL,
  `house_id` int(11) DEFAULT NULL,
  `room_id` int(11) DEFAULT NULL,
  `order_id` int(11) DEFAULT NULL,
  `introduce_house_content` text COLLATE utf8_unicode_ci,
  `introduce_house_photo` varchar(256) COLLATE utf8_unicode_ci DEFAULT NULL,
  PRIMARY KEY (`id`)
) ENGINE=InnoDB DEFAULT CHARSET=utf8 COLLATE=utf8_unicode_ci AUTO_INCREMENT=1 ;

-- --------------------------------------------------------

--
-- Table structure for table `home_order`
--

CREATE TABLE IF NOT EXISTS `home_order` (
  `id` int(11) NOT NULL AUTO_INCREMENT,
  `order_name` varchar(128) COLLATE utf8_unicode_ci DEFAULT NULL,
  `user_id` int(11) DEFAULT NULL,
  `house_id` int(11) DEFAULT NULL,
  `room_id` int(11) DEFAULT NULL,
  `client_id` int(11) DEFAULT NULL,
  `order_rent_cost` float DEFAULT NULL,
  `order_day_create` varchar(128) COLLATE utf8_unicode_ci DEFAULT NULL,
  `order_status` varchar(128) COLLATE utf8_unicode_ci DEFAULT NULL,
  `order_comment` text COLLATE utf8_unicode_ci,
  `order_day_update` varchar(128) COLLATE utf8_unicode_ci DEFAULT NULL,
  `create_id` int(11) DEFAULT NULL,
  `broker_id` int(11) DEFAULT NULL,
  `change` int(2) DEFAULT NULL,
  `change_house_array` varchar(128) COLLATE utf8_unicode_ci DEFAULT NULL,
  PRIMARY KEY (`id`)
) ENGINE=InnoDB  DEFAULT CHARSET=utf8 COLLATE=utf8_unicode_ci AUTO_INCREMENT=19 ;

--
-- Dumping data for table `home_order`
--

INSERT INTO `home_order` (`id`, `order_name`, `user_id`, `house_id`, `room_id`, `client_id`, `order_rent_cost`, `order_day_create`, `order_status`, `order_comment`, `order_day_update`, `create_id`, `broker_id`, `change`, `change_house_array`) VALUES
(17, 'Order 1', 64, 22, 101, 5, 2e+06, '1400550832', '1', 'order 1', '1400550832', 66, 5, 0, 's:3:"101";'),
(18, 'Order 3', 64, 24, 109, 7, 2e+08, '1400636815', '1', 'Order 3', '1400636815', 64, 4, 0, 's:3:"109";');

-- --------------------------------------------------------

--
-- Table structure for table `home_plus_money`
--

CREATE TABLE IF NOT EXISTS `home_plus_money` (
  `id` int(11) NOT NULL AUTO_INCREMENT,
  `contract_detail_id` int(11) DEFAULT NULL,
  `label` varchar(128) COLLATE utf8_unicode_ci DEFAULT NULL,
  `price` float DEFAULT NULL,
  PRIMARY KEY (`id`)
) ENGINE=InnoDB  DEFAULT CHARSET=utf8 COLLATE=utf8_unicode_ci AUTO_INCREMENT=15 ;

--
-- Dumping data for table `home_plus_money`
--

INSERT INTO `home_plus_money` (`id`, `contract_detail_id`, `label`, `price`) VALUES
(13, 8, 'Repair Fee', 200),
(14, 8, 'Introduce Fee', 200000);

-- --------------------------------------------------------

--
-- Table structure for table `home_room`
--

CREATE TABLE IF NOT EXISTS `home_room` (
  `id` varchar(128) COLLATE utf8_unicode_ci NOT NULL,
  `broker_id` int(11) NOT NULL DEFAULT '0',
  `house_id` int(11) NOT NULL,
  `room_detail_id` int(11) DEFAULT NULL,
  PRIMARY KEY (`id`,`broker_id`,`house_id`)
) ENGINE=InnoDB DEFAULT CHARSET=utf8 COLLATE=utf8_unicode_ci;

--
-- Dumping data for table `home_room`
--

INSERT INTO `home_room` (`id`, `broker_id`, `house_id`, `room_detail_id`) VALUES
('', 0, 0, 102),
('', 0, 236, 223),
('', 0, 308, 298),
('', 10, 202, 189),
('-', 136, 271, 476),
('-', 136, 496, 494),
('-', 222, 487, 485),
('-', 224, 494, 492),
('-', 224, 495, 493),
('-', 225, 497, 495),
('-', 225, 498, 496),
('??J)', 10, 183, 170),
(')', 23, 340, 333),
('0.5ヵ月', 0, 309, 299),
('0102(非公開)', 100, 180, 167),
('0201(非公開)', 19, 49, 34),
('0201(非公開)', 138, 488, 486),
('0202(非公開)', 63, 350, 343),
('03-5339-0555', 0, 92, 77),
('03-5368-6741', 0, 189, 176),
('03-6894-6161', 0, 124, 110),
('0305(非公開)', 138, 276, 266),
('0403(非公開)', 19, 50, 35),
('0503(非公開)', 19, 142, 128),
('0601(非公開)', 19, 281, 271),
('100', 3, 22, 10),
('101', 3, 22, 5),
('101', 3, 25, 9),
('101', 3, 26, 11),
('101', 4, 24, 5),
('101', 5, 22, 5),
('101', 5, 25, 9),
('101(非公開)', 10, 357, 350),
('101(非公開)', 13, 34, 19),
('101(非公開)', 21, 328, 320),
('101(非公開)', 27, 56, 41),
('101(非公開)', 27, 185, 172),
('101(非公開)', 27, 220, 207),
('101(非公開)', 28, 312, 302),
('101(非公開)', 38, 71, 56),
('101(非公開)', 48, 486, 484),
('101(非公開)', 53, 93, 78),
('101(非公開)', 65, 479, 477),
('101(非公開)', 69, 164, 151),
('101(非公開)', 69, 273, 263),
('101(非公開)', 82, 151, 137),
('101(非公開)', 85, 187, 174),
('101(非公開)', 92, 168, 155),
('101(非公開)', 108, 209, 196),
('101(非公開)', 117, 289, 279),
('101(非公開)', 152, 317, 307),
('101(非公開)', 154, 319, 309),
('101(非公開)', 157, 322, 312),
('101(非公開)', 163, 339, 332),
('101(非公開)', 172, 366, 359),
('101(非公開)', 219, 476, 473),
('101(非公開)', 226, 499, 497),
('102', 3, 22, 8),
('102(非公開)', 0, 123, 109),
('102(非公開)', 0, 188, 175),
('102(非公開)', 21, 216, 203),
('102(非公開)', 44, 90, 75),
('102(非公開)', 59, 221, 208),
('102(非公開)', 59, 222, 209),
('１０２(非公開)', 60, 109, 94),
('102(非公開)', 63, 206, 193),
('102(非公開)', 63, 211, 198),
('102(非公開)', 72, 134, 120),
('102(非公開)', 73, 130, 116),
('102(非公開)', 104, 191, 178),
('102(非公開)', 109, 210, 197),
('102(非公開)', 117, 305, 295),
('102(非公開)', 140, 290, 280),
('102(非公開)', 159, 333, 325),
('102(非公開)', 214, 458, 454),
('103(非公開)', 6, 27, 12),
('103(非公開)', 44, 77, 62),
('103(非公開)', 45, 99, 84),
('103(非公開)', 45, 338, 331),
('103(非公開)', 46, 81, 66),
('103(非公開)', 50, 338, 331),
('103(非公開)', 59, 193, 180),
('103(非公開)', 60, 246, 233),
('103(非公開)', 69, 291, 281),
('103(非公開)', 75, 132, 118),
('103(非公開)', 89, 161, 148),
('103(非公開)', 95, 174, 161),
('103(非公開)', 115, 226, 213),
('103(非公開)', 124, 242, 229),
('103(非公開)', 127, 247, 234),
('103(非公開)', 132, 264, 254),
('103(非公開)', 162, 369, 363),
('103(非公開)', 167, 352, 345),
('103(非公開)', 215, 461, 457),
('104(非公開)', 19, 457, 453),
('104(非公開)', 54, 96, 81),
('104(非公開)', 83, 153, 140),
('104(非公開)', 91, 167, 154),
('104(非公開)', 91, 325, 317),
('104(非公開)', 120, 234, 221),
('105(非公開)', 10, 42, 27),
('105(非公開)', 88, 160, 147),
('105(非公開)', 105, 197, 184),
('105(非公開)', 139, 286, 276),
('105(非公開)', 156, 321, 311),
('106(非公開)', 37, 341, 334),
('106(非公開)', 173, 85, 360),
('107(非公開)', 7, 316, 306),
('107(非公開)', 15, 40, 25),
('107(非公開)', 19, 170, 157),
('107(非公開)', 110, 212, 199),
('108(非公開)', 62, 111, 96),
('108(非公開)', 138, 489, 487),
('108(非公開)', 174, 373, 367),
('109', 4, 24, 8),
('1102(非公開)', 84, 155, 247),
('1103(非公開)', 45, 284, 274),
('1104(非公開)', 90, 165, 152),
('111(非公開)', 18, 44, 29),
('115(非公開)', 6, 342, 335),
('116(非公開)', 24, 53, 38),
('1203(非公開)', 36, 143, 129),
('1302(非公開)', 84, 155, 246),
('1403(非公開)', 19, 453, 449),
('1B(非公開)', 30, 59, 44),
('1C(非公開)', 228, 503, 501),
('1Ｆ(非公開)', 16, 41, 26),
('1ヵ月', 0, 237, 224),
('2(非公開)', 21, 47, 32),
('2(非公開)', 21, 94, 79),
('200(非公開)', 21, 446, 440),
('201(非公開)', 0, 91, 76),
('201(非公開)', 12, 33, 18),
('201(非公開)', 12, 39, 24),
('201(非公開)', 28, 57, 42),
('201(非公開)', 33, 64, 49),
('201(非公開)', 40, 73, 58),
('201(非公開)', 45, 454, 450),
('201(非公開)', 45, 465, 461),
('201(非公開)', 47, 82, 67),
('201(非公開)', 60, 184, 171),
('201(非公開)', 63, 203, 190),
('201(非公開)', 69, 136, 122),
('201(非公開)', 69, 173, 160),
('201(非公開)', 69, 282, 272),
('201(非公開)', 77, 139, 125),
('201(非公開)', 79, 349, 342),
('201(非公開)', 87, 159, 146),
('201(非公開)', 94, 372, 366),
('201(非公開)', 104, 198, 185),
('201(非公開)', 108, 347, 340),
('201(非公開)', 112, 468, 465),
('201(非公開)', 119, 233, 220),
('201(非公開)', 148, 307, 297),
('201(非公開)', 161, 336, 328),
('201(非公開)', 214, 459, 455),
('201(非公開)', 220, 482, 480),
('202(非公開)', 17, 43, 28),
('202(非公開)', 41, 74, 59),
('202(非公開)', 49, 86, 71),
('202(非公開)', 50, 362, 355),
('202(非公開)', 64, 114, 99),
('202(非公開)', 69, 127, 113),
('202(非公開)', 76, 138, 124),
('202(非公開)', 99, 178, 165),
('202(非公開)', 112, 215, 202),
('202(非公開)', 135, 268, 258),
('202(非公開)', 162, 337, 330),
('202(非公開)', 170, 359, 352),
('202(非公開)', 171, 364, 357),
('202(非公開)', 215, 460, 456),
('202(非公開)', 217, 472, 469),
('203(公開)', 53, 298, 288),
('203(非公開)', 8, 327, 319),
('203(非公開)', 10, 269, 259),
('203(非公開)', 14, 35, 20),
('203(非公開)', 19, 262, 252),
('203(非公開)', 23, 63, 48),
('203(非公開)', 24, 223, 210),
('203(非公開)', 32, 287, 277),
('203(非公開)', 32, 303, 293),
('203(非公開)', 45, 278, 268),
('203(非公開)', 86, 158, 145),
('203(非公開)', 93, 169, 156),
('203(非公開)', 112, 469, 466),
('203(非公開)', 117, 480, 478),
('203(非公開)', 118, 288, 278),
('203(非公開)', 118, 304, 294),
('203(非公開)', 134, 266, 256),
('203(非公開)', 151, 314, 304),
('203(非公開)', 169, 358, 351),
('204(非公開)', 10, 31, 16),
('204(非公開)', 11, 36, 21),
('204(非公開)', 53, 365, 358),
('204(非公開)', 121, 235, 222),
('204(非公開)', 145, 463, 459),
('204(非公開)', 161, 356, 349),
('205(非公開)', 19, 78, 63),
('205(非公開)', 22, 256, 243),
('205(非公開)', 34, 65, 50),
('205(非公開)', 42, 75, 60),
('205(非公開)', 45, 466, 462),
('205(非公開)', 69, 163, 150),
('205(非公開)', 79, 147, 133),
('205(非公開)', 98, 177, 164),
('205(非公開)', 101, 181, 168),
('205(非公開)', 112, 477, 474),
('205(非公開)', 123, 241, 228),
('205(非公開)', 216, 462, 458),
('206(非公開)', 19, 45, 139),
('206(非公開)', 84, 155, 142),
('206(非公開)', 112, 464, 460),
('206(非公開)', 221, 483, 481),
('207(非公開)', 55, 179, 166),
('207(非公開)', 61, 110, 95),
('207(非公開)', 70, 122, 108),
('207(非公開)', 130, 259, 249),
('207(非公開)', 139, 295, 285),
('208(非公開)', 8, 332, 324),
('208(非公開)', 9, 30, 15),
('208(非公開)', 25, 54, 39),
('208(非公開)', 32, 62, 47),
('208(非公開)', 45, 230, 329),
('208(非公開)', 85, 157, 144),
('209(非公開)', 129, 249, 236),
('210(非公開)', 118, 323, 314),
('210(非公開)', 118, 344, 337),
('211(非公開)', 132, 270, 260),
('212(非公開)', 45, 251, 238),
('212(非公開)', 48, 492, 490),
('301(公開)', 8, 300, 290),
('301(非公開)', 7, 28, 13),
('301(非公開)', 19, 433, 427),
('301(非公開)', 36, 121, 107),
('301(非公開)', 36, 334, 326),
('301(非公開)', 39, 72, 57),
('301(非公開)', 51, 227, 214),
('301(非公開)', 53, 370, 364),
('301(非公開)', 65, 115, 100),
('301(非公開)', 69, 120, 106),
('301(非公開)', 88, 240, 227),
('301(非公開)', 94, 171, 158),
('301(非公開)', 106, 204, 191),
('301(非公開)', 160, 335, 327),
('301(非公開)', 223, 490, 488),
('302(非公開)', 19, 51, 36),
('302(非公開)', 26, 55, 40),
('302(非公開)', 32, 105, 90),
('302(非公開)', 62, 272, 262),
('302(非公開)', 111, 213, 200),
('302(非公開)', 112, 464, 464),
('302(非公開)', 142, 293, 283),
('302(非公開)', 165, 345, 338),
('303(公開)', 0, 101, 86),
('303(公開)', 144, 296, 286),
('303(非公開)', 0, 253, 240),
('303(非公開)', 22, 254, 241),
('303(非公開)', 33, 252, 239),
('303(非公開)', 36, 145, 131),
('303(非公開)', 104, 199, 186),
('303(非公開)', 109, 260, 250),
('303(非公開)', 116, 230, 217),
('303(非公開)', 117, 231, 218),
('303(非公開)', 145, 299, 289),
('303(非公開)', 161, 493, 491),
('303(非公開)', 220, 481, 479),
('304(非公開)', 48, 150, 136),
('304(非公開)', 66, 116, 101),
('304(非公開)', 133, 265, 255),
('304(非公開)', 150, 311, 301),
('305(非公開)', 36, 144, 130),
('305(非公開)', 45, 218, 205),
('305(非公開)', 45, 229, 315),
('305(非公開)', 56, 103, 88),
('305(非公開)', 68, 119, 105),
('305(非公開)', 80, 148, 134),
('305(非公開)', 103, 190, 177),
('305(非公開)', 103, 194, 181),
('305(非公開)', 158, 485, 483),
('305(非公開)', 174, 371, 365),
('305(非公開)', 174, 445, 439),
('306(非公開)', 59, 108, 93),
('307(非公開)', 37, 68, 53),
('307(非公開)', 37, 70, 55),
('309(非公開)', 0, 195, 182),
('309(非公開)', 97, 176, 163),
('311(非公開)', 128, 248, 235),
('313(公開)', 57, 104, 89),
('314(非公開)', 125, 244, 231),
('4(非公開)', 141, 292, 282),
('401(非公開)', 112, 467, 463),
('401(非公開)', 112, 471, 468),
('401(非公開)', 113, 217, 204),
('401(非公開)', 122, 239, 226),
('401(非公開)', 153, 318, 308),
('401(非公開)', 168, 355, 348),
('402(非公開)', 19, 285, 275),
('402(非公開)', 24, 200, 187),
('402(非公開)', 25, 182, 169),
('402(非公開)', 36, 85, 70),
('402(非公開)', 42, 451, 446),
('402(非公開)', 45, 98, 83),
('402(非公開)', 45, 274, 264),
('402(非公開)', 74, 131, 117),
('402(非公開)', 96, 175, 162),
('402(非公開)', 147, 306, 296),
('402(非公開)', 158, 484, 482),
('403(公開)', 78, 140, 126),
('403(非公開)', 45, 229, 216),
('403(非公開)', 48, 501, 499),
('403(非公開)', 51, 238, 225),
('403(非公開)', 52, 89, 74),
('403(非公開)', 55, 100, 85),
('403(非公開)', 63, 112, 97),
('404(非公開)', 35, 66, 51),
('404(非公開)', 143, 294, 284),
('405(非公開)', 22, 257, 245),
('405(非公開)', 24, 353, 346),
('406(非公開)', 45, 95, 80),
('406(非公開)', 45, 360, 353),
('406(非公開)', 118, 232, 219),
('407(非公開)', 11, 313, 303),
('407(非公開)', 81, 149, 135),
('409(非公開)', 11, 154, 141),
('409(非公開)', 48, 502, 500),
('410(非公開)', 36, 128, 114),
('411(非公開)', 19, 283, 273),
('411(非公開)', 24, 389, 383),
('413(非公開)', 48, 491, 489),
('501(非公開)', 11, 32, 17),
('501(非公開)', 20, 46, 31),
('501(非公開)', 36, 106, 91),
('501(非公開)', 55, 179, 313),
('501(非公開)', 112, 367, 361),
('501(非公開)', 112, 470, 467),
('501(非公開)', 149, 310, 300),
('501(非公開)', 166, 351, 344),
('502(非公開)', 8, 329, 321),
('502(非公開)', 13, 38, 23),
('502(非公開)', 19, 279, 269),
('502(非公開)', 22, 48, 33),
('502(非公開)', 22, 257, 244),
('502(非公開)', 36, 334, 447),
('502(非公開)', 37, 141, 127),
('502(非公開)', 135, 267, 257),
('502(非公開)', 213, 32, 445),
('503(非公開)', 0, 250, 237),
('503(非公開)', 19, 452, 448),
('503(非公開)', 146, 302, 292),
('505(非公開)', 43, 76, 61),
('507(非公開)', 51, 88, 73),
('508(非公開)', 72, 126, 112),
('509(非公開)', 50, 478, 475),
('6(非', 10, 280, 270),
('601(非公開)', 19, 45, 30),
('601(非公開)', 21, 354, 347),
('601(非公開)', 45, 152, 138),
('601(非公開)', 164, 343, 336),
('602(公開)', 158, 331, 323),
('602(非公開)', 0, 456, 452),
('602(非公開)', 85, 192, 179),
('603(非公開)', 48, 83, 68),
('604(非公開)', 19, 61, 46),
('604(非公開)', 52, 162, 149),
('605(非公開)', 48, 133, 119),
('607(非公開)', 45, 361, 354),
('7(非公開)', 71, 125, 111),
('701(非公開)', 36, 67, 52),
('701(非公開)', 51, 261, 251),
('701(非公開)', 218, 473, 470),
('702(非公開)', 36, 137, 123),
('702(非公開)', 45, 79, 64),
('702(非公開)', 126, 245, 232),
('704(非公開)', 54, 475, 472),
('704(非公開)', 211, 444, 438),
('705(非公開)', 11, 129, 115),
('705(非公開)', 50, 87, 72),
('705(非公開)', 155, 320, 310),
('801(非公開)', 45, 84, 69),
('803(非公開)', 54, 326, 318),
('803(非公開)', 54, 474, 471),
('803(非公開)', 102, 186, 173),
('803(非公開)', 104, 201, 188),
('803(非公開)', 227, 500, 498),
('804(非公開)', 31, 60, 45),
('806(非公開)', 58, 107, 92),
('901(非公開)', 45, 277, 267),
('901(非公開)', 51, 228, 215),
('901(非公開)', 114, 224, 211),
('907(非公開)', 50, 301, 291),
('921(非公開)', 107, 205, 192),
('A(非公開)', 8, 29, 14),
('A103(非公開)', 109, 348, 341),
('A405(非公開)', 107, 207, 194),
('ＡＺＥＳＴ西落合?(公開)', 10, 330, 322),
('g高田馬場第6(非公開)', 23, 363, 356),
('J)', 23, 52, 37),
('ＮＪコーポ(公開)', 10, 37, 22),
('uル鷺宮参番館(非公開)', 23, 80, 65),
('アプローズ落合(非公開)', 10, 166, 153),
('アルテシモ　イズム(非公開)', 10, 258, 248),
('ヴェルデ下落合(非公開)', 10, 69, 54),
('エル・沼袋(公開)', 10, 156, 143),
('カーサヴェルデ(非公開)', 10, 135, 121),
('カナザク', 0, 196, 183),
('ｶ京白山(非公開)', 23, 146, 132),
('サンフォレスト(非公開)', 10, 225, 212),
('シエスタルミエール(公開)', 23, 315, 305),
('トーシンフェニックス高円寺南(非公開)', 29, 113, 98),
('パティオ中野(非公開)', 10, 118, 104),
('パナ・ミ・カーサ(非公開)', 10, 172, 159),
('パルティール荻窪(公開)', 10, 346, 339),
('ビバリーホームズ石神井公園?(非公開)', 23, 214, 201),
('ブラントーレ哲学堂(非公開)', 29, 58, 43),
('プレール・ドゥーク新宿中落合(非公開)', 23, 368, 362),
('マイスタイルプレミアム町屋弐番館(非公開)', 131, 263, 253),
('メゾングレースI(公開)', 10, 297, 287),
('ｬ金井(公開)', 23, 243, 230),
('ルーブル上鷺宮(公開)', 23, 324, 316),
('ルーブル野方伍番館(非公開)', 23, 97, 82),
('レジディア笹塚(非公開)', 137, 275, 265),
('佐藤', 0, 102, 87),
('居住中', 136, 387, 381),
('居住中', 136, 401, 395),
('居住中', 136, 406, 400),
('居住中', 136, 440, 434),
('居住中', 176, 375, 369),
('居住中', 176, 402, 396),
('居住中', 176, 414, 408),
('居住中', 176, 421, 415),
('居住中', 176, 427, 421),
('居住中', 176, 448, 442),
('居住中', 177, 376, 370),
('居住中', 180, 383, 377),
('居住中', 180, 410, 404),
('居住中', 180, 447, 441),
('居住中', 180, 449, 443),
('居住中', 181, 404, 398),
('居住中', 182, 390, 384),
('居住中', 192, 400, 394),
('居住中', 197, 428, 422),
('居住中', 198, 416, 410),
('居住中', 201, 422, 416),
('居住中', 204, 425, 419),
('空家', 67, 117, 103),
('空家', 136, 271, 261),
('空家', 136, 379, 373),
('空家', 136, 380, 374),
('空家', 136, 384, 378),
('空家', 136, 385, 379),
('空家', 136, 418, 412),
('空家', 175, 374, 368),
('空家', 176, 377, 371),
('空家', 176, 378, 372),
('空家', 176, 426, 420),
('空家', 178, 381, 375),
('空家', 179, 382, 376),
('空家', 180, 388, 382),
('空家', 180, 403, 397),
('空家', 180, 411, 405),
('空家', 180, 419, 413),
('空家', 180, 441, 435),
('空家', 180, 442, 436),
('空家', 181, 386, 380),
('空家', 183, 391, 385),
('空家', 184, 392, 386),
('空家', 185, 393, 387),
('空家', 186, 394, 388),
('空家', 187, 395, 389),
('空家', 188, 396, 390),
('空家', 189, 397, 391),
('空家', 190, 398, 392),
('空家', 191, 399, 393),
('空家', 191, 437, 431),
('空家', 193, 405, 399),
('空家', 194, 407, 401),
('空家', 194, 408, 402),
('空家', 194, 409, 403),
('空家', 195, 412, 406),
('空家', 196, 413, 407),
('空家', 196, 430, 424),
('空家', 196, 436, 430),
('空家', 197, 415, 409),
('空家', 199, 417, 411),
('空家', 200, 420, 414),
('空家', 200, 455, 451),
('空家', 202, 423, 417),
('空家', 203, 424, 418),
('空家', 205, 429, 423),
('空家', 206, 431, 425),
('空家', 207, 432, 426),
('空家', 208, 434, 428),
('空家', 208, 438, 432),
('空家', 208, 439, 433),
('空家', 209, 435, 429),
('空家', 210, 443, 437),
('空家', 212, 450, 444),
('賃貸マンション(公開)', 10, 255, 242),
('非公開)', 10, 208, 195),
('非公開)', 10, 219, 206);

-- --------------------------------------------------------

--
-- Table structure for table `home_room_detail`
--

CREATE TABLE IF NOT EXISTS `home_room_detail` (
  `id` int(11) NOT NULL AUTO_INCREMENT,
  `room_number` varchar(128) COLLATE utf8_unicode_ci NOT NULL,
  `room_type` varchar(128) COLLATE utf8_unicode_ci DEFAULT NULL,
  `room_size` varchar(128) COLLATE utf8_unicode_ci DEFAULT NULL,
  `room_status` tinyint(1) DEFAULT NULL,
  `room_rent` varchar(128) COLLATE utf8_unicode_ci DEFAULT NULL,
  `room_key_money` varchar(128) COLLATE utf8_unicode_ci DEFAULT NULL,
  `room_administrative_expense` varchar(128) COLLATE utf8_unicode_ci DEFAULT NULL,
  `room_deposit` varchar(128) COLLATE utf8_unicode_ci DEFAULT NULL,
  `room_discount` varchar(128) COLLATE utf8_unicode_ci DEFAULT NULL,
  `room_photo` varchar(128) COLLATE utf8_unicode_ci DEFAULT NULL,
  PRIMARY KEY (`id`)
) ENGINE=InnoDB  DEFAULT CHARSET=utf8 COLLATE=utf8_unicode_ci AUTO_INCREMENT=502 ;

--
-- Dumping data for table `home_room_detail`
--

INSERT INTO `home_room_detail` (`id`, `room_number`, `room_type`, `room_size`, `room_status`, `room_rent`, `room_key_money`, `room_administrative_expense`, `room_deposit`, `room_discount`, `room_photo`) VALUES
(5, '101', 'gác gỗ', '50mx50m', 1, '2000000', '100', '200000', '1000000', NULL, ''),
(7, '101', 'Tường Đúc', '100mx100m', 0, '5000000', '500', '500000', '2000000', NULL, ''),
(8, '109', 'Nhà lá', '150mx150m', 1, '200000000', '3000', '130000', '12345', NULL, ''),
(9, '101', 'Tường Đúc', '50mx50m', 0, '2000000', '0', '0', '0', '', ''),
(10, '100', 'Tường Đúc', '100mx100m', 0, '1000000000', '0', '0', '0', '', ''),
(11, '101', '7', '100mx100m', 0, '2000000', '100', '200000', '300', '', ''),
(12, '103(非公開)', '', '', 0, '7万5000円', '1ヵ月', '2000円', '1ヵ月', '', ''),
(13, '301(非公開)', '', '', 0, '3万8000円', '0ヵ月', '3000円', '1ヵ月', '', ''),
(14, 'A(非公開)', '', '', 0, '12万円', '1ヵ月', '-', '1ヵ月', '', ''),
(15, '208(非公開)', '', '', 0, '6万1000円', '0ヵ月', '1000円', '1ヵ月', '', ''),
(16, '204(非公開)', '', '', 0, '11万3000円', '6000円', '', '1ヵ月', '', ''),
(17, '501(非公開)', '', '', 0, '7万5500円', '0ヵ月', '6500円', '1ヵ月', '', ''),
(18, '201(非公開)', '', '', 0, '10万9000円', '1ヵ月', '3000円', '1ヵ月', '', ''),
(19, '101(非公開)', '', '', 0, '8万円', '0ヵ月', '3000円', '1ヵ月', '', ''),
(20, '203(非公開)', '', '', 0, '5万7000円', '0ヵ月', '3000円', '1ヵ月', '', ''),
(21, '204(非公開)', '', '', 0, '6万9000円', '0ヵ月', '6000円', '1ヵ月', '', ''),
(22, 'ＮＪコーポ(公開)', '', '', 127, '居住中', '2000円', '3万8000円', '0ヵ月', '', ''),
(23, '502(非公開)', '', '', 0, '7万7000円', '0ヵ月', '6000円', '1ヵ月', '', ''),
(24, '201(非公開)', '', '', 0, '10万3000円', '1ヵ月', '4000円', '1ヵ月', '', ''),
(25, '107(非公開)', '', '', 0, '6万7000円', '0ヵ月', '8000円', '0ヵ月', '', ''),
(26, '1Ｆ(非公開)', '', '', 0, '10万8000円', '1ヵ月', '1000円', '2ヵ月', '', ''),
(27, '105(非公開)', '', '', 0, '12万2000', '4000円', '円', '2ヵ月', '', ''),
(28, '202(非公開)', '', '', 0, '7万4000円', '0ヵ月', '3500円', '0ヵ月', '', ''),
(29, '111(非公開)', '', '', 0, '6万9000円', '1ヵ月', '3000円', '1ヵ月', '', ''),
(30, '601(非公開)', '', '', 0, '12万5000円', '0ヵ月', '1万円', '1ヵ月', '', ''),
(31, '501(非公開)', '', '', 0, '6万5000円', '1ヵ月', '-', '1ヵ月', '', ''),
(32, '2(非公開)', '', '', 0, '7万7000円', '1ヵ月', '9000円', '1ヵ月', '', ''),
(33, '502(非公開)', '', '', 0, '9万円', '1ヵ月', '1万円', '1ヵ月', '', ''),
(34, '0201(非公開)', '', '', 0, '11万2000円', '0ヵ月', '1万円', '1ヵ月', '', ''),
(35, '0403(非公開)', '', '', 0, '6万6000円', '0ヵ月', '8000円', '0ヵ月', '', ''),
(36, '302(非公開)', '', '', 0, '5万3000円', '0ヵ月', '3000円', '0ヵ月', '', ''),
(37, 'J)', '', '', 127, '空家', '3000円', '5万3000円', '0ヵ月', '', ''),
(38, '116(非公開)', '', '', 0, '9万3000円', '0ヵ月', '8000円', '2ヵ月', '', ''),
(39, '208(非公開)', '', '', 0, '5万円', '0ヵ月', '-', '2ヵ月', '', ''),
(40, '302(非公開)', '', '', 0, '5万2000円', '1ヵ月', '3000円', '1ヵ月', '', ''),
(41, '101(非公開)', '', '', 0, '6万7000円', '1ヵ月', '3000円', '1ヵ月', '', ''),
(42, '201(非公開)', '', '', 0, '11万5000円', '0.5ヵ月', '5000円', '1ヵ月', '', ''),
(43, 'ブラントーレ哲学堂(非公開)', '', '', 127, '空家', '5000円', '11万1000円', '1ヵ月', '', ''),
(44, '1B(非公開)', '', '', 0, '9万8000円', '1ヵ月', '-', '1ヵ月', '', ''),
(45, '804(非公開)', '', '', 0, '13万9000円', '0ヵ月', '1万2000円', '0ヵ月', '', ''),
(46, '604(非公開)', '', '', 0, '8万9000円', '1ヵ月', '5000円', '0ヵ月', '', ''),
(47, '208(非公開)', '', '', 0, '13万9000円', '1ヵ月', '6000円', '1ヵ月', '', ''),
(48, '203(非公開)', '', '', 0, '', '8000円', '7万7000円', '0ヵ月', '', ''),
(49, '201(非公開)', '', '', 0, '6万6000円', '1ヵ月', '-', '1ヵ月', '', ''),
(50, '205(非公開)', '', '', 0, '6万2000円', '1ヵ月', '3000円', '1ヵ月', '', ''),
(51, '404(非公開)', '', '', 0, '6万4000円', '1ヵ月', '9000円', '0ヵ月', '', ''),
(52, '701(非公開)', '', '', 0, '8万円', '1ヵ月', '1万円', '0ヵ月', '', ''),
(53, '307(非公開)', '', '', 0, '6万500円', '0ヵ月', '6000円', '0ヵ月', '', ''),
(54, 'ヴェルデ下落合(非公開)', '', '', 127, '居住中', '4000円', '7万9000円', '0ヵ月', '', ''),
(55, '307(非公開)', '', '', 0, '5万8500円', '0ヵ月', '6000円', '0ヵ月', '', ''),
(56, '101(非公開)', '', '', 0, '5万9000円', '1ヵ月', '3000円', '1ヵ月', '', ''),
(57, '301(非公開)', '', '', 0, '7万6000円', '0ヵ月', '-', '1ヵ月', '', ''),
(58, '201(非公開)', '', '', 0, '7万3000円', '1ヵ月', '3000円', '1ヵ月', '', ''),
(59, '202(非公開)', '', '', 0, '6万7000円', '1ヵ月', '-', '1ヵ月', '', ''),
(60, '205(非公開)', '', '', 0, '5万9500円', '0ヵ月', '7000円', '0.5ヵ月', '', ''),
(61, '505(非公開)', '', '', 0, '13万9000円', '1ヵ月', '7000円', '2ヵ月', '', ''),
(62, '103(非公開)', '', '', 0, '7万3000円', '1ヵ月', '5000円', '1ヵ月', '', ''),
(63, '205(非公開)', '', '', 0, '8万8000円', '0ヵ月', '8000円', '0ヵ月', '', ''),
(64, '702(非公開)', '', '', 0, '6万9000円', '1ヵ月', '9000円', '1ヵ月', '', ''),
(65, 'uル鷺宮参番館(非公開)', '', '', 127, '空家', '7000円', '6万7000円', '1ヵ月', '', ''),
(66, '103(非公開)', '', '', 0, '7万1000円', '1ヵ月', '2000円', '1ヵ月', '', ''),
(67, '201(非公開)', '', '', 0, '10万円', '1ヵ月', '2000円', '1ヵ月', '', ''),
(68, '603(非公開)', '', '', 0, '7万5000円', '0ヵ月', '6000円', '0ヵ月', '', ''),
(69, '801(非公開)', '', '', 0, '9万3000円', '1ヵ月', '6000円', '1ヵ月', '', ''),
(70, '402(非公開)', '', '', 0, '7万9000円', '1ヵ月', '6000円', '0ヵ月', '', ''),
(71, '202(非公開)', '', '', 0, '8万2000円', '0ヵ月', '2000円', '1ヵ月', '', ''),
(72, '705(非公開)', '', '', 0, '7万8000円', '1ヵ月', '5000円', '1ヵ月', '', ''),
(73, '507(非公開)', '', '', 0, '8万7000円', '0ヵ月', '1万円', '0ヵ月', '', ''),
(74, '403(非公開)', '', '', 0, '6万1000円', '0ヵ月', '8000円', '0ヵ月', '', ''),
(75, '102(非公開)', '', '', 0, '8万1000円', '1ヵ月', '5000円', '1ヵ月', '', ''),
(76, '201(非公開)', '', '', 0, '8万7000円', '', '', '', '', ''),
(77, '03-5339-0555', '', '', 0, '', '', '', '', '', ''),
(78, '101(非公開)', '', '', 0, '7万9000円', '1ヵ月', '5000円', '1ヵ月', '', ''),
(79, '2(非公開)', '', '', 0, '7万5000円', '1ヵ月', '8000円', '1ヵ月', '', ''),
(80, '406(非公開)', '', '', 0, '5万9000円', '1ヵ月', '4000円', '1ヵ月', '', ''),
(81, '104(非公開)', '', '', 0, '6万7000円', '0ヵ月', '3000円', '0ヵ月', '', ''),
(82, 'ルーブル野方伍番館(非公開)', '', '', 127, '空家', '9000円', '7万1000円', '0ヵ月', '', ''),
(83, '402(非公開)', '', '', 0, '10万9000円', '1ヵ月', '1万円', '1ヵ月', '', ''),
(84, '103(非公開)', '', '', 0, '7万6000円', '1ヵ月', '4000円', '1ヵ月', '', ''),
(85, '403(非公開)', '', '', 0, '13万5000円', '1ヵ月', '6000円', '2ヵ月', '', ''),
(86, '303(公開)', '', '', 0, '', '', '', '', '', ''),
(87, '佐藤', '', '', 3, '', '', '', '', '', ''),
(88, '305(非公開)', '', '', 0, '11万5000円', '1ヵ月', '7000円', '1ヵ月', '', ''),
(89, '313(公開)', '', '', 0, '12万円', '1ヵ月', '-', '1ヵ月', '', ''),
(90, '302(非公開)', '', '', 0, '10万5000円', '1ヵ月', '5000円', '1ヵ月', '', ''),
(91, '501(非公開)', '', '', 0, '12万1000円', '1ヵ月', '1万円', '0ヵ月', '', ''),
(92, '806(非公開)', '', '', 0, '11万6000円', '1ヵ月', '9000円', '0.5ヵ月', '', ''),
(93, '306(非公開)', '', '', 0, '8万6000円', '1ヵ月', '5000円', '2ヵ月', '', ''),
(94, '１０２(非公開)', '', '', 0, '10万円', '1ヵ月', '-', '1ヵ月', '', ''),
(95, '207(非公開)', '', '', 0, '8万9000円', '2ヵ月', '-', '1ヵ月', '', ''),
(96, '108(非公開)', '', '', 0, '10万円', '0ヵ月', '1万6000円', '2ヵ月', '', ''),
(97, '403(非公開)', '', '', 0, '10万4000円', '1ヵ月', '8000円', '1ヵ月', '', ''),
(98, 'トーシンフェニックス高円寺南(非公開)', '', '', 127, '空家', '1万3000円', '10万円', '0.5ヵ月', '', ''),
(99, '202(非公開)', '', '', 0, '9万円', '1ヵ月', '5000円', '1ヵ月', '', ''),
(100, '301(非公開)', '', '', 0, '8万6000円', '40000ヵ月', '3000円', '40000ヵ月', '', ''),
(101, '304(非公開)', '', '', 0, '8万3000円', '0ヵ月', '7000円', '24万9000円', '', ''),
(102, '', '', '', 0, '', '', '', '', '', ''),
(103, '空家', '', '', 8, '6000円', '2ヵ月', '1ヵ月', '株式会社　ライフ・ギャラリー', '', ''),
(104, 'パティオ中野(非公開)', '', '', 107, '空家', '6000円', '7万9000円', '1ヵ月', '', ''),
(105, '305(非公開)', '', '', 0, '8万4000円', '1ヵ月', '5000円', '1ヵ月', '', ''),
(106, '301(非公開)', '', '', 0, '7万6000円', '1ヵ月', '-', '1ヵ月', '', ''),
(107, '301(非公開)', '', '', 0, '8万1000円', '1ヵ月', '6000円', '0ヵ月', '', ''),
(108, '207(非公開)', '', '', 0, '8万2000円', '0ヵ月', '-', '0ヵ月', '', ''),
(109, '102(非公開)', '', '', 0, '7万7000円', '', '', '', '', ''),
(110, '03-6894-6161', '', '', 0, '', '', '', '', '', ''),
(111, '7(非公開)', '', '', 0, '8万円', '80000ヵ月', '7000円', '80000ヵ月', '', ''),
(112, '508(非公開)', '', '', 0, '6万5000円', '1ヵ月', '5000円', '1ヵ月', '', ''),
(113, '202(非公開)', '', '', 0, '6万9000円', '1ヵ月', '2000円', '1ヵ月', '', ''),
(114, '410(非公開)', '', '', 0, '7万4000円', '0ヵ月', '6000円', '0ヵ月', '', ''),
(115, '705(非公開)', '', '', 0, '7万6400円', '0ヵ月', '6600円', '0ヵ月', '', ''),
(116, '102(非公開)', '', '', 0, '7万6000円', '0ヵ月', '9000円', '0ヵ月', '', ''),
(117, '402(非公開)', '', '', 0, '5万3000円', '1ヵ月', '4000円', '1ヵ月', '', ''),
(118, '103(非公開)', '', '', 0, '7万5000円', '0ヵ月', '1万円', '0ヵ月', '', ''),
(119, '605(非公開)', '', '', 0, '6万8000円', '0ヵ月', '7000円', '0ヵ月', '', ''),
(120, '102(非公開)', '', '', 0, '6万5000円', '1ヵ月', '1000円', '1ヵ月', '', ''),
(121, 'カーサヴェルデ(非公開)', '', '', 127, '空家', '2000円', '8万3000円', '1ヵ月', '', ''),
(122, '201(非公開)', '', '', 0, '6万2000円', '0ヵ月', '2000円', '1ヵ月', '', ''),
(123, '702(非公開)', '', '', 0, '13万4000円', '0ヵ月', '-', '0ヵ月', '', ''),
(124, '202(非公開)', '', '', 0, '12万8000円', '1ヵ月', '8000円', '1ヵ月', '', ''),
(125, '201(非公開)', '', '', 0, '10万6000円', '1ヵ月', '7000円', '1ヵ月', '', ''),
(126, '403(公開)', '', '', 0, '7万8000円', '1ヵ月', '8000円', '1ヵ月', '', ''),
(127, '502(非公開)', '', '', 0, '8万3000円', '1ヵ月', '6000円', '1ヵ月', '', ''),
(128, '0503(非公開)', '', '', 0, '21万9000円', '0ヵ月', '1万円', '1ヵ月', '', ''),
(129, '1203(非公開)', '', '', 0, '7万6000円', '1ヵ月', '8000円', '0ヵ月', '', ''),
(130, '305(非公開)', '', '', 0, '6万9500円', '1ヵ月', '9500円', '0ヵ月', '', ''),
(131, '303(非公開)', '', '', 0, '7万9000円', '0ヵ月', '1万円', '0ヵ月', '', ''),
(132, 'ｶ京白山(非公開)', '', '', 127, '居住中', '1万円', '7万5000円', '1ヵ月', '', ''),
(133, '205(非公開)', '', '', 0, '6万6000円', '0ヵ月', '6000円', '0ヵ月', '', ''),
(134, '305(非公開)', '', '', 0, '13万1000円', '0ヵ月', '6000円', '1ヵ月', '', ''),
(135, '407(非公開)', '', '', 0, '11万8000円', '0ヵ月', '1万円', '1ヵ月', '', ''),
(136, '304(非公開)', '', '', 0, '6万8000円', '1ヵ月', '6000円', '1ヵ月', '', ''),
(137, '101(非公開)', '', '', 0, '6万8000円', '1ヵ月', '2000円', '1ヵ月', '', ''),
(138, '601(非公開)', '', '', 0, '6万6000円', '1ヵ月', '5000円', '1ヵ月', '', ''),
(139, '206(非公開)', '', '', 0, '9万8000円', '0ヵ月', '1万円', '1ヵ月', '', ''),
(140, '104(非公開)', '', '', 0, '6万3000円', '1ヵ月', '2000円', '1ヵ月', '', ''),
(141, '409(非公開)', '', '', 0, '6万9800円', '0ヵ月', '7200円', '1ヵ月', '', ''),
(142, '206(非公開)', '', '', 0, '10万6000円', '0ヵ月', '8000円', '1ヵ月', '', ''),
(143, 'エル・沼袋(公開)', '', '', 101, '空家', '-', '7万円', '0ヵ月', '', ''),
(144, '208(非公開)', '', '', 0, '7万4000円', '1ヵ月', '8000円', '1ヵ月', '', ''),
(145, '203(非公開)', '', '', 0, '6万9000円', '1ヵ月', '3000円', '1ヵ月', '', ''),
(146, '201(非公開)', '', '', 0, '8万9000円', '0ヵ月', '3000円', '1ヵ月', '', ''),
(147, '105(非公開)', '', '', 0, '8万4000円', '1ヵ月', '8000円', '1ヵ月', '', ''),
(148, '103(非公開)', '', '', 0, '15万1000円', '2ヵ月', '1万円', '2ヵ月', '', ''),
(149, '604(非公開)', '', '', 0, '8万1000円', '1ヵ月', '8000円', '1ヵ月', '', ''),
(150, '205(非公開)', '', '', 0, '7万8000円', '1ヵ月', '2000円', '1ヵ月', '', ''),
(151, '101(非公開)', '', '', 0, '9万5000円', '1ヵ月', '3000円', '1ヵ月', '', ''),
(152, '1104(非公開)', '', '', 0, '11万8000円', '1ヵ月', '5000円', '1ヵ月', '', ''),
(153, 'アプローズ落合(非公開)', '', '', 127, '空家', '4000円', '11万6000円', '1ヵ月', '', ''),
(154, '104(非公開)', '', '', 0, '7万8000円', '1ヵ月', '8000円', '2ヵ月', '', ''),
(155, '101(非公開)', '', '', 0, '10万円', '0.5ヵ月', '5000円', '0.5ヵ月', '', ''),
(156, '203(非公開)', '', '', 0, '5万7000円', '1ヵ月', '2000円', '1ヵ月', '', ''),
(157, '107(非公開)', '', '', 0, '7万8000円', '0ヵ月', '8000円', '0ヵ月', '', ''),
(158, '301(非公開)', '', '', 0, '6万6000円', '1ヵ月', '3000円', '1ヵ月', '', ''),
(159, 'パナ・ミ・カーサ(非公開)', '', '', 103, '空家', '3000円', '9万6000円', '1ヵ月', '', ''),
(160, '201(非公開)', '', '', 0, '13万7000円', '1ヵ月', '3000円', '1ヵ月', '', ''),
(161, '103(非公開)', '', '', 0, '11万円', '1.5ヵ月', '6000円', '0ヵ月', '', ''),
(162, '402(非公開)', '', '', 0, '7万円', '0ヵ月', '5000円', '2ヵ月', '', ''),
(163, '309(非公開)', '', '', 0, '6万4000円', '0ヵ月', '3000円', '0ヵ月', '', ''),
(164, '205(非公開)', '', '', 0, '8万2000円', '1ヵ月', '5000円', '2ヵ月', '', ''),
(165, '202(非公開)', '', '', 0, '6万9000円', '1ヵ月', '7000円', '1ヵ月', '', ''),
(166, '207(非公開)', '', '', 0, '8万円', '0ヵ月', '1万円', '2ヵ月', '', ''),
(167, '0102(非公開)', '', '', 0, '8万2000円', '0ヵ月', '4000円', '1ヵ月', '', ''),
(168, '205(非公開)', '', '', 0, '5万3000円', '1ヵ月', '2000円', '1ヵ月', '', ''),
(169, '402(非公開)', '', '', 0, '7万3000円', '1ヵ月', '-', '1ヵ月', '', ''),
(170, '??J)', '', '', 101, '空家', '4000円', '7万6000円', '1ヵ月', '', ''),
(171, '201(非公開)', '', '', 0, '10万7000円', '1ヵ月', '2000円', '1ヵ月', '', ''),
(172, '101(非公開)', '', '', 0, '7万2000円', '1ヵ月', '3000円', '1ヵ月', '', ''),
(173, '803(非公開)', '', '', 0, '7万4000円', '1ヵ月', '6000円', '1ヵ月', '', ''),
(174, '101(非公開)', '', '', 0, '7万4000円', '0ヵ月', '2000円', '1ヵ月', '', ''),
(175, '102(非公開)', '', '', 0, '7万8000円', '', '', '', '', ''),
(176, '03-5368-6741', '', '', 0, '', '', '', '', '', ''),
(177, '305(非公開)', '', '', 0, '7万5000円', '0ヵ月', '2000円', '1ヵ月', '', ''),
(178, '102(非公開)', '', '', 0, '6万円', '1ヵ月', '3000円', '1ヵ月', '', ''),
(179, '602(非公開)', '', '', 0, '6万4000円', '0ヵ月', '6000円', '1ヵ月', '', ''),
(180, '103(非公開)', '', '', 0, '7万3000円', '1ヵ月', '5000円', '1ヵ月', '', ''),
(181, '305(非公開)', '', '', 0, '8万円', '0ヵ月', '-', '1ヵ月', '', ''),
(182, '309(非公開)', '', '', 0, '', '', '', '', '', ''),
(183, 'カナザク', '', '', 3, '', '', '', '', '', ''),
(184, '105(非公開)', '', '', 0, '5万7000円', '5万7000円', '-', '5万7000円', '', ''),
(185, '201(非公開)', '', '', 0, '4万5000円', '0ヵ月', '-', '1ヵ月', '', ''),
(186, '303(非公開)', '', '', 0, '6万2000円', '1ヵ月', '3000円', '1ヵ月', '', ''),
(187, '402(非公開)', '', '', 0, '15万円', '1ヵ月', '1万円', '1ヵ月', '', ''),
(188, '803(非公開)', '', '', 0, '11万円', '1ヵ月', '-', '1ヵ月', '', ''),
(189, '', '', '', 127, '空家', '-', '10万8000円', '1ヵ月', '', ''),
(190, '201(非公開)', '', '', 0, '10万2000円', '1ヵ月', '4000円', '0ヵ月', '', ''),
(191, '301(非公開)', '', '', 0, '7万7000円', '0ヵ月', '3000円', '0ヵ月', '', ''),
(192, '921(非公開)', '', '', 0, '11万6000円', '1ヵ月', '9000円', '1ヵ月', '', ''),
(193, '102(非公開)', '', '', 0, '7万8000円', '1ヵ月', '3000円', '0ヵ月', '', ''),
(194, 'A405(非公開)', '', '', 0, '7万円', '0ヵ月', '8000円', '1ヵ月', '', ''),
(195, '非公開)', '', '', 101, '未完成', '3000円', '8万6000円', '2ヵ月', '', ''),
(196, '101(非公開)', '', '', 0, '11万3000円', '1.5ヵ月', '3000円', '0.5ヵ月', '', ''),
(197, '102(非公開)', '', '', 0, '7万7000円', '0ヵ月', '-', '0ヵ月', '', ''),
(198, '102(非公開)', '', '', 0, '7万8000円', '1ヵ月', '3000円', '0ヵ月', '', ''),
(199, '107(非公開)', '', '', 0, '7万3000円', '0ヵ月', '3500円', '0ヵ月', '', ''),
(200, '302(非公開)', '', '', 0, '12万7000円', '1ヵ月', '-', '1ヵ月', '', ''),
(201, 'ビバリーホームズ石神井公園?(非公開)', '', '', 127, '空家', '6000円', '6万2500円', '0ヵ月', '', ''),
(202, '202(非公開)', '', '', 0, '10万7000円', '1ヵ月', '8000円', '1ヵ月', '', ''),
(203, '102(非公開)', '', '', 0, '6万円', '1ヵ月', '5000円', '1ヵ月', '', ''),
(204, '401(非公開)', '', '', 0, '7万5000円', '0ヵ月', '1万円', '0ヵ月', '', ''),
(205, '305(非公開)', '', '', 0, '6万7000円', '1ヵ月', '5000円', '1ヵ月', '', ''),
(206, '非公開)', '', '', 127, '居住中', '6000円', '8万円', '1ヵ月', '', ''),
(207, '101(非公開)', '', '', 0, '6万9000円', '1ヵ月', '3000円', '1ヵ月', '', ''),
(208, '102(非公開)', '', '', 0, '11万円', '1ヵ月', '-', '2ヵ月', '', ''),
(209, '102(非公開)', '', '', 0, '13万1000円', '1ヵ月', '8000円', '2ヵ月', '', ''),
(210, '203(非公開)', '', '', 0, '11万7000円', '1ヵ月', '7000円', '1ヵ月', '', ''),
(211, '901(非公開)', '', '', 0, '13万7000円', '0ヵ月', '1万5000円', '0ヵ月', '', ''),
(212, 'サンフォレスト(非公開)', '', '', 127, '居住中', '2000円', '8万円', '1ヵ月', '', ''),
(213, '103(非公開)', '', '', 0, '6万円', '0ヵ月', '3000円', '0ヵ月', '', ''),
(214, '301(非公開)', '', '', 0, '6万5000円', '2ヵ月', '9500円', '0ヵ月', '', ''),
(215, '901(非公開)', '', '', 0, '7万9500円', '0ヵ月', '9500円', '0ヵ月', '', ''),
(216, '403(非公開)', '', '', 0, '6万3000円', '1ヵ月', '5000円', '1ヵ月', '', ''),
(217, '303(非公開)', '', '', 0, '6万3000円', '1ヵ月', '5000円', '1ヵ月', '', ''),
(218, '303(非公開)', '', '', 0, '6万7000円', '1ヵ月', '4000円', '1ヵ月', '', ''),
(219, '406(非公開)', '', '', 0, '7万5000円', '1ヵ月', '7000円', '1ヵ月', '', ''),
(220, '201(非公開)', '', '', 0, '6万円', '0ヵ月', '4000円', '0ヵ月', '', ''),
(221, '104(非公開)', '', '', 0, '6万8000円', '1ヵ月', '3000円', '0ヵ月', '', ''),
(222, '204(非公開)', '', '', 0, '6万円', '1ヵ月', '3000円', '0ヵ月', '', ''),
(223, '', '', '', 0, '', '', '', '', '', ''),
(224, '1ヵ月', '', '', 0, '綱川', '', '03-3346-0033', '', '', ''),
(225, '403(非公開)', '', '', 0, '9万2500円', '1ヵ月', '1万500円', '1ヵ月', '', ''),
(226, '401(非公開)', '', '', 0, '6万8000円', '1ヵ月', '7000円', '0ヵ月', '', ''),
(227, '301(非公開)', '', '', 0, '6万7000円', '1ヵ月', '8000円', '1ヵ月', '', ''),
(228, '205(非公開)', '', '', 0, '7万円', '0ヵ月', '5000円', '0ヵ月', '', ''),
(229, '103(非公開)', '', '', 0, '6万9000円', '1ヵ月', '2000円', '1ヵ月', '', ''),
(230, 'ｬ金井(公開)', '', '', 127, '居住中', '6000円', '4万7000円', '0ヵ月', '', ''),
(231, '314(非公開)', '', '', 0, '7万1000円', '0ヵ月', '9000円', '120000ヵ月', '', ''),
(232, '702(非公開)', '', '', 0, '8万7000円', '1ヵ月', '3000円', '1ヵ月', '', ''),
(233, '103(非公開)', '', '', 0, '7万8000円', '0ヵ月', '3000円', '0ヵ月', '', ''),
(234, '103(非公開)', '', '', 0, '6万円', '0ヵ月', '6000円', '0ヵ月', '', ''),
(235, '311(非公開)', '', '', 0, '9万3000円', '0ヵ月', '7000円', '0ヵ月', '', ''),
(236, '209(非公開)', '', '', 0, '6万3000円', '1ヵ月', '7000円', '0ヵ月', '', ''),
(237, '503(非公開)', '', '', 0, '6万7500円', '0ヵ月', '9500円', '0ヵ月', '', ''),
(238, '212(非公開)', '', '', 0, '6万7000円', '1ヵ月', '7000円', '1ヵ月', '', ''),
(239, '303(非公開)', '', '', 0, '7万7000円', '0.5ヵ月', '4000円', '1ヵ月', '', ''),
(240, '303(非公開)', '', '', 0, '7万4500円', '1ヵ月', '9500円', '1ヵ月', '', ''),
(241, '303(非公開)', '', '', 0, '13万円', '0ヵ月', '4000円', '1ヵ月', '', ''),
(242, '賃貸マンション(公開)', '', '', 105, '空家', '2000円', '6万8000円', '1ヵ月', '', ''),
(243, '205(非公開)', '', '', 0, '6万円', '1ヵ月', '1000円', '1ヵ月', '', ''),
(244, '502(非公開)', '', '', 0, '9万8000円', '1ヵ月', '-', '1ヵ月', '', ''),
(245, '405(非公開)', '', '', 0, '9万8000円', '1ヵ月', '-', '1ヵ月', '', ''),
(246, '1302(非公開)', '', '', 0, '15万7000円', '0ヵ月', '8000円', '1ヵ月', '', ''),
(247, '1102(非公開)', '', '', 0, '15万5000円', '0ヵ月', '8000円', '1ヵ月', '', ''),
(248, 'アルテシモ　イズム(非公開)', '', '', 127, '空家', '9500円', '7万円', '1ヵ月', '', ''),
(249, '207(非公開)', '', '', 0, '13万9000円', '1ヵ月', '1万5000円', '1ヵ月', '', ''),
(250, '303(非公開)', '', '', 0, '7万5000円', '1ヵ月', '-', '1ヵ月', '', ''),
(251, '701(非公開)', '', '', 0, '8万7500円', '0ヵ月', '9500円', '0ヵ月', '', ''),
(252, '203(非公開)', '', '', 0, '8万7000円', '0ヵ月', '8000円', '0ヵ月', '', ''),
(253, 'マイスタイルプレミアム町屋弐番館(非公開)', '', '', 0, '7万2000円', '0ヵ月', '1万5000円', '0ヵ月', '', ''),
(254, '103(非公開)', '', '', 0, '7万円', '1ヵ月', '5000円', '1ヵ月', '', ''),
(255, '304(非公開)', '', '', 0, '9万6000円', '1ヵ月', '1万円', '1ヵ月', '', ''),
(256, '203(非公開)', '', '', 0, '6万6000円', '1ヵ月', '2000円', '1ヵ月', '', ''),
(257, '502(非公開)', '', '', 0, '6万4000円', '0ヵ月', '-', '0ヵ月', '', ''),
(258, '202(非公開)', '', '', 0, '6万3000円', '0ヵ月', '-', '1ヵ月', '', ''),
(259, '203(非公開)', '', '', 0, '', '5000円', '9万5000円', '1ヵ月', '', ''),
(260, '211(非公開)', '', '', 0, '5万8000円', '1ヵ月', '5000円', '1ヵ月', '', ''),
(261, '空家', '', '', 7, '8000円', '1ヵ月', '1ヵ月', 'エムズ・コミュニケーション', '', ''),
(262, '302(非公開)', '', '', 0, '8万9000円', '0ヵ月', '5000円', '1ヵ月', '', ''),
(263, '101(非公開)', '', '', 0, '8万9000円', '1ヵ月', '2000円', '1ヵ月', '', ''),
(264, '402(非公開)', '', '', 0, '8万3000円', '1ヵ月', '6000円', '1ヵ月', '', ''),
(265, 'レジディア笹塚(非公開)', '', '', 127, '空家', '8000円', '8万8000円', '0ヵ月', '', ''),
(266, '0305(非公開)', '', '', 0, '7万5000円', '0ヵ月', '8000円', '1ヵ月', '', ''),
(267, '901(非公開)', '', '', 0, '8万円', '1ヵ月', '1万円', '1ヵ月', '', ''),
(268, '203(非公開)', '', '', 0, '9万5000円', '1ヵ月', '5000円', '1ヵ月', '', ''),
(269, '502(非公開)', '', '', 0, '7万6000円', '0ヵ月', '8000円', '0ヵ月', '', ''),
(270, '6(非', '', '', 0, '居住中', '8000円', '8万7000円', '1ヵ月', '', ''),
(271, '0601(非公開)', '', '', 0, '12万7000円', '1ヵ月', '1万円', '1ヵ月', '', ''),
(272, '201(非公開)', '', '', 0, '7万5000円', '1ヵ月', '2000円', '1ヵ月', '', ''),
(273, '411(非公開)', '', '', 0, '7万3000円', '0ヵ月', '7000円', '1ヵ月', '', ''),
(274, '1103(非公開)', '', '', 0, '6万5000円', '1ヵ月', '5000円', '1ヵ月', '', ''),
(275, '402(非公開)', '', '', 0, '11万9000円', '0ヵ月', '6000円', '1ヵ月', '', ''),
(276, '105(非公開)', '', '', 0, '8万2500円', '0ヵ月', '9500円', '0ヵ月', '', ''),
(277, '203(非公開)', '', '', 0, '6万9000円', '0ヵ月', '-', '0ヵ月', '', ''),
(278, '203(非公開)', '', '', 0, '7万6000円', '1ヵ月', '7000円', '1ヵ月', '', ''),
(279, '101(非公開)', '', '', 0, '5万7000円', '0ヵ月', '1000円', '1ヵ月', '', ''),
(280, '102(非公開)', '', '', 0, '6万6000円', '1ヵ月', '2000円', '1ヵ月', '', ''),
(281, '103(非公開)', '', '', 0, '6万3000円', '0ヵ月', '2000円', '1ヵ月', '', ''),
(282, '4(非公開)', '', '', 0, '6万円', '0ヵ月', '-', '1ヵ月', '', ''),
(283, '302(非公開)', '', '', 0, '7万5000円', '1ヵ月', '2000円', '1ヵ月', '', ''),
(284, '404(非公開)', '', '', 0, '8万円', '0ヵ月', '5000円', '2ヵ月', '', ''),
(285, '207(非公開)', '', '', 0, '7万9000円', '1ヵ月', '6000円', '1ヵ月', '', ''),
(286, '303(公開)', '', '', 0, '7万9000円', '1ヵ月', '4000円', '1ヵ月', '', ''),
(287, 'メゾングレースI(公開)', '', '', 127, '居住中', '-', '8万7000円', '1ヵ月', '', ''),
(288, '203(公開)', '', '', 0, '9万円', '1ヵ月', '5000円', '1ヵ月', '', ''),
(289, '303(非公開)', '', '', 0, '7万5000円', '0ヵ月', '2000円', '1ヵ月', '', ''),
(290, '301(公開)', '', '', 0, '8万5000円', '1ヵ月', '6000円', '0ヵ月', '', ''),
(291, '907(非公開)', '', '', 0, '6万9000円', '1ヵ月', '5000円', '1ヵ月', '', ''),
(292, '503(非公開)', '', '', 0, '7万3000円', '0.5ヵ月', '6500円', '0.5ヵ月', '', ''),
(293, '203(非公開)', '', '', 0, '6万9000円', '0ヵ月', '3000円', '0ヵ月', '', ''),
(294, '203(非公開)', '', '', 0, '7万6000円', '1ヵ月', '7000円', '1ヵ月', '', ''),
(295, '102(非公開)', '', '', 0, '5万7000円', '0ヵ月', '1000円', '1ヵ月', '', ''),
(296, '402(非公開)', '', '', 0, '7万9000円', '1ヵ月', '7000円', '1ヵ月', '', ''),
(297, '201(非公開)', '', '', 0, '7万8000円', '1ヵ月', '-', '1ヵ月', '', ''),
(298, '', '', '', 0, '', '', '', '', '', ''),
(299, '0.5ヵ月', '', '', 0, '吉原', '', '03-5340-7928', '', '', ''),
(300, '501(非公開)', '', '', 0, '7万円', '0ヵ月', '8000円', '0ヵ月', '', ''),
(301, '304(非公開)', '', '', 0, '10万4000円', '0ヵ月', '1万円', '2ヵ月', '', ''),
(302, '101(非公開)', '', '', 0, '6万7000円', '0.5ヵ月', '-', '1ヵ月', '', ''),
(303, '407(非公開)', '', '', 0, '8万1100円', '0ヵ月', '6900円', '1ヵ月', '', ''),
(304, '203(非公開)', '', '', 0, '9万3000円', '1ヵ月', '5000円', '1ヵ月', '', ''),
(305, 'シエスタルミエール(公開)', '', '', 127, '賃貸中', '3000円', '6万円', '0ヵ月', '', ''),
(306, '107(非公開)', '', '', 0, '5万3000円', '0ヵ月', '2000円', '0ヵ月', '', ''),
(307, '101(非公開)', '', '', 0, '8万2000円', '0ヵ月', '2000円', '1ヵ月', '', ''),
(308, '401(非公開)', '', '', 0, '6万6000円', '1ヵ月', '3000円', '1ヵ月', '', ''),
(309, '101(非公開)', '', '', 0, '6万円', '0ヵ月', '3000円', '0ヵ月', '', ''),
(310, '705(非公開)', '', '', 0, '7万2500円', '0ヵ月', '5500円', '1ヵ月', '', ''),
(311, '105(非公開)', '', '', 0, '7万9000円', '0ヵ月', '1万円', '2ヵ月', '', ''),
(312, '101(非公開)', '', '', 0, '6万4000円', '1ヵ月', '2000円', '1ヵ月', '', ''),
(313, '501(非公開)', '', '', 0, '15万円', '2ヵ月', '1万円', '2ヵ月', '', ''),
(314, '210(非公開)', '', '', 0, '8万9000円', '1ヵ月', '1万円', '1ヵ月', '', ''),
(315, '305(非公開)', '', '', 0, '6万4000円', '1ヵ月', '5000円', '1ヵ月', '', ''),
(316, 'ルーブル上鷺宮(公開)', '', '', 127, '空家', '1万円', '6万5000円', '1ヵ月', '', ''),
(317, '104(非公開)', '', '', 0, '7万8000円', '1ヵ月', '8000円', '2ヵ月', '', ''),
(318, '803(非公開)', '', '', 0, '7万6000円', '1ヵ月', '8000円', '1ヵ月', '', ''),
(319, '203(非公開)', '', '', 0, '6万7000円', '1ヵ月', '7000円', '0ヵ月', '', ''),
(320, '101(非公開)', '', '', 0, '5万9000円', '1ヵ月', '7000円', '1ヵ月', '', ''),
(321, '502(非公開)', '', '', 0, '6万5000円', '1ヵ月', '1万円', '0ヵ月', '', ''),
(322, 'ＡＺＥＳＴ西落合?(公開)', '', '', 127, '空家', '1万円', '7万9500円', '1ヵ月', '', ''),
(323, '602(公開)', '', '', 0, '6万6000円', '0ヵ月', '9000円', '1ヵ月', '', ''),
(324, '208(非公開)', '', '', 0, '7万円', '1ヵ月', '1万円', '0ヵ月', '', ''),
(325, '102(非公開)', '', '', 0, '6万5000円', '0ヵ月', '-', '0ヵ月', '', ''),
(326, '301(非公開)', '', '', 0, '6万5500円', '1ヵ月', '9500円', '0ヵ月', '', ''),
(327, '301(非公開)', '', '', 0, '8万3000円', '0ヵ月', '3000円', '1ヵ月', '', ''),
(328, '201(非公開)', '', '', 0, '17万8000円', '1ヵ月', '1万2000円', '2ヵ月', '', ''),
(329, '208(非公開)', '', '', 0, '6万2000円', '1ヵ月', '5000円', '1ヵ月', '', ''),
(330, '202(非公開)', '', '', 0, '12万円', '1ヵ月', '1万円', '1ヵ月', '', ''),
(331, '103(非公開)', '', '', 0, '7万円', '1ヵ月', '5000円', '1ヵ月', '', ''),
(332, '101(非公開)', '', '', 0, '7万2000円', '1ヵ月', '3000円', '1ヵ月', '', ''),
(333, ')', '', '', 102, '空家', '3000円', '6万円', '0.5ヵ月', '', ''),
(334, '106(非公開)', '', '', 0, '7万1000円', '1ヵ月', '6000円', '1ヵ月', '', ''),
(335, '115(非公開)', '', '', 0, '5万2000円', '1ヵ月', '2000円', '1ヵ月', '', ''),
(336, '601(非公開)', '', '', 0, '10万8000円', '1ヵ月', '7000円', '1ヵ月', '', ''),
(337, '210(非公開)', '', '', 0, '8万9000円', '1ヵ月', '1万円', '1ヵ月', '', ''),
(338, '302(非公開)', '', '', 0, '8万9000円', '0ヵ月', '5000円', '0ヵ月', '', ''),
(339, 'パルティール荻窪(公開)', '', '', 127, '空家', '1万2000円', '9万9000円', '1ヵ月', '', ''),
(340, '201(非公開)', '', '', 0, '7万円', '1ヵ月', '2000円', '0.5ヵ月', '', ''),
(341, 'A103(非公開)', '', '', 0, '5万9000円', '0ヵ月', '1000円', '1ヵ月', '', ''),
(342, '201(非公開)', '', '', 0, '5万8000円', '1ヵ月', '4000円', '0ヵ月', '', ''),
(343, '0202(非公開)', '', '', 0, '7万4000円', '0ヵ月', '5000円', '1ヵ月', '', ''),
(344, '501(非公開)', '', '', 0, '8万7000円', '0ヵ月', '9000円', '0ヵ月', '', ''),
(345, '103(非公開)', '', '', 0, '5万4000円', '1ヵ月', '3000円', '1ヵ月', '', ''),
(346, '405(非公開)', '', '', 0, '22万円', '1ヵ月', '1万5000円', '2ヵ月', '', ''),
(347, '601(非公開)', '', '', 0, '7万3000円', '1ヵ月', '9000円', '1ヵ月', '', ''),
(348, '401(非公開)', '', '', 0, '7万9000円', '1ヵ月', '-', '1ヵ月', '', ''),
(349, '204(非公開)', '', '', 0, '7万3000円', '1ヵ月', '7000円', '1ヵ月', '', ''),
(350, '101(非公開)', '', '', 0, '6万800', '3000円', '0円', '1ヵ月', '', ''),
(351, '203(非公開)', '', '', 0, '7万1000円', '0ヵ月', '9600円', '0ヵ月', '', ''),
(352, '202(非公開)', '', '', 0, '9万8000円', '1ヵ月', '2000円', '1ヵ月', '', ''),
(353, '406(非公開)', '', '', 0, '6万5000円', '1ヵ月', '5000円', '1ヵ月', '', ''),
(354, '607(非公開)', '', '', 0, '7万7000円', '1ヵ月', '6000円', '1ヵ月', '', ''),
(355, '202(非公開)', '', '', 0, '6万5000円', '0ヵ月', '-', '0ヵ月', '', ''),
(356, 'g高田馬場第6(非公開)', '', '', 127, '居住中', '8000円', '7万2000円', '0ヵ月', '', ''),
(357, '202(非公開)', '', '', 0, '8万円', '1ヵ月', '3000円', '1ヵ月', '', ''),
(358, '204(非公開)', '', '', 0, '7万8000円', '2ヵ月', '-', '2ヵ月', '', ''),
(359, '101(非公開)', '', '', 0, '6万7000円', '1ヵ月', '2000円', '1ヵ月', '', ''),
(360, '106(非公開)', '', '', 0, '7万4000円', '0ヵ月', '8500円', '0ヵ月', '', ''),
(361, '501(非公開)', '', '', 0, '6万4000円', '0ヵ月', '-', '0ヵ月', '', ''),
(362, 'プレール・ドゥーク新宿中落合(非公開)', '', '', 105, '空家', '8000円', '8万4000円', '0ヵ月', '', ''),
(363, '103(非公開)', '', '', 0, '7万1000円', '1ヵ月', '2000円', '1ヵ月', '', ''),
(364, '301(非公開)', '', '', 0, '10万2000円', '1ヵ月', '7000円', '1ヵ月', '', ''),
(365, '305(非公開)', '', '', 0, '6万1000円', '1ヵ月', '3000円', '1ヵ月', '', ''),
(366, '201(非公開)', '', '', 0, '8万8000円', '1ヵ月', '3000円', '1ヵ月', '', ''),
(367, '108(非公開)', '', '', 0, '7万2000円', '0ヵ月', '1万円', '0ヵ月', '', ''),
(368, '空家', '', '', 5, '5000円', '1ヵ月', '1ヵ月', '株式会社　日本財託管理サービス', '', ''),
(369, '居住中', '', '', 23, '1万5000円', '2ヵ月', '1ヵ月', '三井不動産住宅リース株式会社', '', ''),
(370, '居住中', '', '', 12, '6000円', '1ヵ月', '0ヵ月', 'N日神住宅サボート株式会社', '', ''),
(371, '空家', '', '', 5, '6000円', '1ヵ月', '1ヵ月', '三井不動産住宅リース株式会社', '', ''),
(372, '空家', '', '', 7, '5000円', '1ヵ月', '1ヵ月', '三井不動産住宅リース株式会社', '', ''),
(373, '空家', '', '', 6, '8000円', '0ヵ月', '0ヵ月', 'エムズ・コミュニケーション', '', ''),
(374, '空家', '', '', 8, '8000円', '0ヵ月', '0ヵ月', 'エムズ・コミュニケーション', '', ''),
(375, '空家', '', '', 7, '-', '1ヵ月', '1ヵ月', '株式会社明和管財', '', ''),
(376, '空家', '', '', 7, '5000円', '0ヵ月', '0ヵ月', 'エイブル保証株式会社', '', ''),
(377, '居住中', '', '', 11, '1万円', '1ヵ月', '0ヵ月', 'エムズ・コミュニケーション', '', ''),
(378, '空家', '', '', 7, '8000円', '0ヵ月', '0ヵ月', 'エムズ・コミュニケーション', '', ''),
(379, '空家', '', '', 6, '8000円', '0ヵ月', '0ヵ月', 'エムズ・コミュニケーション', '', ''),
(380, '空家', '', '', 9, '8000円', '1ヵ月', '0ヵ月', 'スカイコート賃貸センター株式会社', '', ''),
(381, '居住中', '', '', 8, '1万円', '0ヵ月', '0ヵ月', 'エムズ・コミュニケーション', '', ''),
(382, '空家', '', '', 12, '7000円', '2ヵ月', '0ヵ月', 'パ　シフィック・ディベロップ　メントアンド　マネージ　メント株式会社', '', ''),
(383, '411(非公開)', '', '', 0, '13万9000円', '1ヵ月', '1万円', '1ヵ月', '', ''),
(384, '居住中', '', '', 6, '8000円', '0.5ヵ月', '0.5ヵ月', '株式会社　トーシンコミュニティー', '', ''),
(385, '空家', '', '', 7, '3000円', '1ヵ月', '1ヵ月', '株式会社ヒロ・コーポレーション', '', ''),
(386, '空家', '', '', 7, '3000円', '1ヵ月', '1ヵ月', '株式会社ヒロ・コーポレーション', '', ''),
(387, '空家', '', '', 15, '5000円', '1ヵ月', '0ヵ月', '三井不動産住宅リース', '', ''),
(388, '空家', '', '', 6, '6000円', '0ヵ月', '0ヵ月', '環境STATION', '', ''),
(389, '空家', '', '', 7, '5000円', '1ヵ月', '1ヵ月', '株式会社明和管財', '', ''),
(390, '空家', '', '', 8, '3000円', '4万円', '4万円', '株式会社プリズミック', '', ''),
(391, '空家', '', '', 7, '2000円', '1ヵ月', '1ヵ月', '株式会社ライフ・ギャラリー', '', ''),
(392, '空家', '', '', 8, '5000円', '1ヵ月', '1ヵ月', '株式会社早成設計', '', ''),
(393, '空家', '', '', 6, '-', '1ヵ月', '0ヵ月', 'スカイコート賃貸センター株式会社', '', ''),
(394, '居住中', '', '', 10, '8000円', '1ヵ月', '2ヵ月', '三井不動産住宅リース株式会社', '', ''),
(395, '居住中', '', '', 10, '8000円', '0ヵ月', '0ヵ月', 'エムズ・コミュニケーション', '', ''),
(396, '居住中', '', '', 7, '5000円', '1ヵ月', '1ヵ月', '三井不動産住宅リース株式会社', '', ''),
(397, '空家', '', '', 12, '-', '1ヵ月', '0ヵ月', 'スカイコート賃貸センター株式会社', '', ''),
(398, '居住中', '', '', 8, '6800円', '1ヵ月', '0ヵ月', 'スカイコート賃貸センター株式会社', '', ''),
(399, '空家', '', '', 14, '1万円', '1ヵ月', '1ヵ月', '三井ホームエステート株式会社', '', ''),
(400, '居住中', '', '', 9, '8000円', '0円', '0円', 'エムズ・コミュニケーション', '', ''),
(401, '空家', '', '', 6, '2000円', '1ヵ月', '1ヵ月', '株式会社ホーミング・ライフ', '', ''),
(402, '空家', '', '', 29, '-', '1ヵ月', '1ヵ月', '株式会社ホーミング・らい', '', ''),
(403, '空家', '', '', 6, '1000円', '1ヵ月', '1ヵ月', '株式会社ホーミング・ライフ', '', ''),
(404, '居住中', '', '', 18, '1万3000円', '1ヵ月', '1ヵ月', '株式会社ステージプら', '', ''),
(405, '空家', '', '', 12, '6000円', '1ヵ月', '1ヵ月', '株式会社ジョイント・プロパティ', '', ''),
(406, '空家', '', '', 6, '3000円', '1ヵ月', '1ヵ月', '株式会社ステージプランナー', '', ''),
(407, '空家', '', '', 6, '6000円', '66000ヵ月', '0ヵ月', '総合地所株式会社', '', ''),
(408, '居住中', '', '', 13, '1万円', '1ヵ月', '1ヵ月', '三井不動産住宅リース株式会社', '', ''),
(409, '空家', '', '', 5, '2000円', '1ヵ月', '1ヵ月', '株式会社ホーミング・ライフ', '', ''),
(410, '居住中', '', '', 5, '2000円', '1ヵ月', '1ヵ月', '株式会社　ライフ・ギャラリー', '', ''),
(411, '空家', '', '', 8, '8000円', '1ヵ月', '1.5ヵ月', '株式会社エフ・ジェー・ネクスト', '', ''),
(412, '空家', '', '', 1, '1万円', '0ヵ月', '0ヵ月', 'エムズ・コミュニケーション', '', ''),
(413, '空家', '', '', 11, '-', '1ヵ月', '0ヵ月', '株式会社ステージプランナー', '', ''),
(414, '空家', '', '', 7, '5000円', '1ヵ月', '0ヵ月', '株式会社ヒロ・コーポレーション', '', ''),
(415, '居住中', '', '', 15, '1万円', '1ヵ月', '1ヵ月', '三井不動産住宅リース株式会社', '', ''),
(416, '居住中', '', '', 5, '5000円', '1ヵ月', '1ヵ月', '日神住宅サポート株式会社', '', ''),
(417, '空家', '', '', 11, '8000円', '0ヵ月', '0ヵ月', 'アムス・エステート株式会社', '', ''),
(418, '空家', '', '', 16, '1万6000円', '0ヵ月', '0ヵ月', 'アムス・エステート株式会社', '', ''),
(419, '居住中', '', '', 6, '6000円', '1ヵ月', '1ヵ月', 'グランヴァン株式会社', '', ''),
(420, '空家', '', '', 8, '1万円', '1ヵ月', '1ヵ月', '三井不動産住宅リース株式会社', '', ''),
(421, '居住中', '', '', 10, '8000円', '1ヵ月', '1ヵ月', '三井不動産住宅リース株式会社', '', ''),
(422, '居住中', '', '', 5, '2000円', '1ヵ月', '1ヵ月', '株式会社ホーミング・ライフ', '', ''),
(423, '空家', '', '', 6, '6000円', '1ヵ月', '1ヵ月', '環境STATION', '', ''),
(424, '空家', '', '', 7, '8000円', '1ヵ月', '0ヵ月', '総合地所株式会社', '', ''),
(425, '空家', '', '', 7, '3500円', '1ヵ月', '1ヵ月', '株式会社ウェル・エステート', '', ''),
(426, '空家', '', '', 8, '3000円', '1ヵ月', '2ヵ月', '株式会社ヒロ・コーポレーション', '', ''),
(427, '301(非公開)', '', '', 0, '7万8000円', '1ヵ月', '8000円', '1ヵ月', '', ''),
(428, '空家', '', '', 5, '5000円', '1ヵ月', '1ヵ月', '株式会社　日本財託管理サービス', '', ''),
(429, '空家', '', '', 6, '5000円', '1ヵ月', '0ヵ月', '株式会社　日本財託管理サービス', '', ''),
(430, '空家', '', '', 7, '8000円', '1ヵ月', '0ヵ月', '総合地所株式会社', '', ''),
(431, '空家', '', '', 5, '-', '1ヵ月', '0ヵ月', 'スカイコート賃貸センター株式会社', '', ''),
(432, '空家', '', '', 5, '5000円', '1ヵ月', '0ヵ月', '株式会社　日本財託管理サービス', '', ''),
(433, '空家', '', '', 5, '5000円', '1ヵ月', '1ヵ月', '株式会社日本財託管理サービス', '', ''),
(434, '居住中', '', '', 9, '8000円', '0ヵ月', '0ヵ月', 'エムズ・コミュニケーション', '', ''),
(435, '空家', '', '', 11, '3000円', '1ヵ月', '1ヵ月', '株式会社 ヒロ・コーポレーション本店', '', ''),
(436, '空家', '', '', 15, '1万2000円', '1ヵ月', '1ヵ月', '株式会社ステージプランナー', '', ''),
(437, '空家', '', '', 5, '2000円', '1ヵ月', '1ヵ月', '株式会社　日本財託管理サービス', '', ''),
(438, '704(非公開)', '', '', 0, '7万5000円', '0ヵ月', '6000円', '0ヵ月', '', ''),
(439, '305(非公開)', '', '', 0, '6万1000円', '1ヵ月', '3000円', '1ヵ月', '', ''),
(440, '200(非公開)', '', '', 0, '10万1000円', '1ヵ月', '9000円', '1ヵ月', '', ''),
(441, '居住中', '', '', 7, '9000円', '1ヵ月', '1ヵ月', '株式会社シイ・アイ・シー', '', ''),
(442, '居住中', '', '', 13, '1万円', '1ヵ月', '1ヵ月', '三井不動産住宅リース株式会社', '', ''),
(443, '居住中', '', '', 7, '-', '0ヵ月', '1ヵ月', '株式会社TFDエステート', '', ''),
(444, '空家', '', '', 7, '5000円', '1ヵ月', '1ヵ月', '株式会社　日本財託管理サービス', '', ''),
(445, '502(非公開)', '', '', 0, '7万8000円', '1ヵ月', '1万5000円', '1ヵ月', '', ''),
(446, '402(非公開)', '', '', 0, '5万5500円', '0.5ヵ月', '7000円', '0.5ヵ月', '', ''),
(447, '502(非公開)', '', '', 0, '6万9000円', '0ヵ月', '6000円', '0ヵ月', '', ''),
(448, '503(非公開)', '', '', 0, '8万3000円', '0ヵ月', '1万円', '0ヵ月', '', ''),
(449, '1403(非公開)', '', '', 0, '13万4000円', '0ヵ月', '1万円', '1ヵ月', '', ''),
(450, '201(非公開)', '', '', 0, '6万9000円', '1ヵ月', '7000円', '1ヵ月', '', ''),
(451, '空家', '', '', 7, '3000円', '1ヵ月', '1ヵ月', '株式会社ヒロ・コーポレーション', '', ''),
(452, '602(非公開)', '', '', 0, '6万5000円', '0ヵ月', '9500円', '0ヵ月', '', ''),
(453, '104(非公開)', '', '', 0, '4万2000円', '0ヵ月', '1万2000円', '0ヵ月', '', ''),
(454, '102(非公開)', '', '', 0, '5万6000円', '1ヵ月', '2000円', '1ヵ月', '', ''),
(455, '201(非公開)', '', '', 0, '5万8000円', '1ヵ月', '2000円', '1ヵ月', '', ''),
(456, '202(非公開)', '', '', 0, '8万5000円', '1ヵ月', '-', '1ヵ月', '', ''),
(457, '103(非公開)', '', '', 0, '7万3000円', '1ヵ月', '-', '1ヵ月', '', ''),
(458, '205(非公開)', '', '', 0, '4万2000円', '0ヵ月', '-', '1ヵ月', '', ''),
(459, '204(非公開)', '', '', 0, '6万7000円', '1ヵ月', '-', '1ヵ月', '', ''),
(460, '206(非公開)', '', '', 0, '8万円', '1ヵ月', '5000円', '1ヵ月', '', ''),
(461, '201(非公開)', '', '', 0, '7万6000円', '1ヵ月', '6000円', '1ヵ月', '', ''),
(462, '205(非公開)', '', '', 0, '6万6000円', '1ヵ月', '5000円', '1ヵ月', '', ''),
(463, '401(非公開)', '', '', 0, '6万5000円', '0ヵ月', '-', '0ヵ月', '', ''),
(464, '302(非公開)', '', '', 0, '7万8000円', '1ヵ月', '5000円', '1ヵ月', '', ''),
(465, '201(非公開)', '', '', 0, '9万5000円', '1ヵ月', '3000円', '1ヵ月', '', ''),
(466, '203(非公開)', '', '', 0, '8万2000円', '1ヵ月', '3000円', '1ヵ月', '', ''),
(467, '501(非公開)', '', '', 0, '6万円', '0ヵ月', '-', '1ヵ月', '', ''),
(468, '401(非公開)', '', '', 0, '8万2000円', '1ヵ月', '3000円', '1ヵ月', '', ''),
(469, '202(非公開)', '', '', 0, '6万5000円', '1ヵ月', '-', '1ヵ月', '', ''),
(470, '701(非公開)', '', '', 0, '13万4000円', '0ヵ月', '8000円', '1ヵ月', '', ''),
(471, '803(非公開)', '', '', 0, '7万6000円', '1ヵ月', '8000円', '1ヵ月', '', ''),
(472, '704(非公開)', '', '', 0, '7万円', '1ヵ月', '-', '1ヵ月', '', ''),
(473, '101(非公開)', '', '', 0, '5万円', '0ヵ月', '2000円', '0ヵ月', '', ''),
(474, '205(非公開)', '', '', 0, '5万3000円', '1ヵ月', '-', '1ヵ月', '', ''),
(475, '509(非公開)', '', '', 0, '7万円', '1ヵ月', '5000円', '1ヵ月', '', ''),
(476, '-', '', '', 7, '8000円', '1ヵ月', '1ヵ月', 'エムズ・コミュニケーション', '', ''),
(477, '101(非公開)', '', '', 0, '6万5000円', '3万円', '3000円', '3万円', '', ''),
(478, '203(非公開)', '', '', 0, '6万7000円', '1ヵ月', '1000円', '1ヵ月', '', ''),
(479, '303(非公開)', '', '', 0, '6万8000円', '1ヵ月', '-', '0ヵ月', '', ''),
(480, '201(非公開)', '', '', 0, '10万2000円', '0ヵ月', '3000円', '1ヵ月', '', ''),
(481, '206(非公開)', '', '', 0, '4万5000円', '0ヵ月', '5000円', '0ヵ月', '', ''),
(482, '402(非公開)', '', '', 0, '7万1000円', '2ヵ月', '9000円', '1ヵ月', '', ''),
(483, '305(非公開)', '', '', 0, '7万2400円', '1ヵ月', '9600円', '1ヵ月', '', ''),
(484, '101(非公開)', '', '', 0, '6万6000円', '0ヵ月', '6000円', '0ヵ月', '', ''),
(485, '-', '', '', 7, '9500円', '0ヵ月', '1ヵ月', 'プロパティエージェント株式会社', '', ''),
(486, '0201(非公開)', '', '', 0, '10万9000円', '1ヵ月', '-', '0ヵ月', '', ''),
(487, '108(非公開)', '', '', 0, '6万8000円', '1ヵ月', '5000円', '1ヵ月', '', ''),
(488, '301(非公開)', '', '', 0, '7万9000円', '0ヵ月', '9800円', '0ヵ月', '', ''),
(489, '413(非公開)', '', '', 0, '8万1000円', '0ヵ月', '6000円', '0ヵ月', '', ''),
(490, '212(非公開)', '', '', 0, '5万5000円', '1ヵ月', '5000円', '0ヵ月', '', ''),
(491, '303(非公開)', '', '', 0, '6万3000円', '1ヵ月', '7000円', '1ヵ月', '', ''),
(492, '-', '', '', 8, '6000円', '1ヵ月', '1ヵ月', '環境ステーション', '', ''),
(493, '-', '', '', 9, '6000円', '1ヵ月', '1ヵ月', '環境ステーション', '', ''),
(494, '-', '', '', 9, '8000円', '0ヵ月', '0ヵ月', 'エムズ・コミュニケーション', '', ''),
(495, '-', '', '', 9, '1万円', '1ヵ月', '1ヵ月', '株式会社 トラストアドバイザーズ', '', ''),
(496, '-', '', '', 8, '8000円', '1ヵ月', '1ヵ月', '株式会社トラストアドバイザーズ', '', ''),
(497, '101(非公開)', '', '', 0, '12万8000円', '1ヵ月', '1万2000円', '0ヵ月', '', ''),
(498, '803(非公開)', '', '', 0, '11万9500円', '1ヵ月', '8500円', '0ヵ月', '', ''),
(499, '403(非公開)', '', '', 0, '12万円', '1ヵ月', '1万円', '1ヵ月', '', ''),
(500, '409(非公開)', '', '', 0, '11万3000円', '1ヵ月', '1万円', '1ヵ月', '', ''),
(501, '1C(非公開)', '', '', 0, '5万円', '1ヵ月', '-', '1ヵ月', '', '');

-- --------------------------------------------------------

--
-- Table structure for table `home_source`
--

CREATE TABLE IF NOT EXISTS `home_source` (
  `id` int(11) NOT NULL AUTO_INCREMENT,
  `source_name` varchar(128) COLLATE utf8_unicode_ci DEFAULT NULL,
  PRIMARY KEY (`id`)
) ENGINE=InnoDB  DEFAULT CHARSET=utf8 COLLATE=utf8_unicode_ci AUTO_INCREMENT=9 ;

--
-- Dumping data for table `home_source`
--

INSERT INTO `home_source` (`id`, `source_name`) VALUES
(2, 'Homes'),
(3, 'Homepage'),
(4, 'Athome'),
(5, 'Mainabi'),
(6, 'Sumueru'),
(8, 'SUMO');

-- --------------------------------------------------------

--
-- Table structure for table `home_user`
--

CREATE TABLE IF NOT EXISTS `home_user` (
  `id` int(11) NOT NULL AUTO_INCREMENT,
  `agent_id` int(11) DEFAULT NULL,
  `user_username` varchar(128) COLLATE utf8_unicode_ci DEFAULT NULL,
  `user_password` varchar(128) COLLATE utf8_unicode_ci DEFAULT NULL,
  `user_fname` varchar(128) COLLATE utf8_unicode_ci DEFAULT NULL,
  `user_lname` varchar(128) COLLATE utf8_unicode_ci DEFAULT NULL,
  `user_code` varchar(128) COLLATE utf8_unicode_ci DEFAULT NULL,
  `user_address` text COLLATE utf8_unicode_ci,
  `user_email` varchar(128) COLLATE utf8_unicode_ci DEFAULT NULL,
  `user_phone` varchar(128) COLLATE utf8_unicode_ci DEFAULT NULL,
  `user_gender` varchar(128) COLLATE utf8_unicode_ci DEFAULT NULL,
  `user_birthday` varchar(128) COLLATE utf8_unicode_ci DEFAULT NULL,
  `user_photo` varchar(256) COLLATE utf8_unicode_ci DEFAULT NULL,
  `user_authorities` varchar(128) COLLATE utf8_unicode_ci DEFAULT NULL,
  `user_position` varchar(128) COLLATE utf8_unicode_ci DEFAULT NULL,
  `user_locked` tinyint(1) DEFAULT NULL,
  `user_target` int(11) DEFAULT NULL,
  `user_path_photo` varchar(128) COLLATE utf8_unicode_ci DEFAULT NULL,
  `user_path_thumb` varchar(128) COLLATE utf8_unicode_ci DEFAULT NULL,
  PRIMARY KEY (`id`)
) ENGINE=InnoDB  DEFAULT CHARSET=utf8 COLLATE=utf8_unicode_ci AUTO_INCREMENT=67 ;

--
-- Dumping data for table `home_user`
--

INSERT INTO `home_user` (`id`, `agent_id`, `user_username`, `user_password`, `user_fname`, `user_lname`, `user_code`, `user_address`, `user_email`, `user_phone`, `user_gender`, `user_birthday`, `user_photo`, `user_authorities`, `user_position`, `user_locked`, `user_target`, `user_path_photo`, `user_path_thumb`) VALUES
(63, 0, 'lyhao', 'd67f543992e78fd5521f090bde352690', 'ly', 'aa', '4S7Yk9Ke', '空室を確認したい、物件を見たい、詳しい情報を知りたい、など', 'lyhao@ambition.com', '', 'male', '', '0_9874.jpg', '1', '', 0, 0, './uploads_user/1000/63/', '0_9874_thumb.jpg'),
(64, 1, '123454', 'e4e253c1e6bd413af96cedb40d1a8bab', 'ly', 'thong', 'LDJSyIKy', 'Q 7', 'admin@ambition.com', '878567876', 'male', '03/11/2014', '0_6149.jpg', '2', 'Leader', 0, 276787, './uploads_user/1000/64/', '0_6149_thumb.jpg'),
(65, 2, '123456', 'ccd3cc7cd7e60c0ea0bac70b25fcbdfc', 'sato', 'hanayuki', 'EN35McFo', 'Bo Dao Nha', 'diepvanhao@yahoo.com', '123456789', 'other', '04/28/1984', '0_9543.jpg', '3', 'Giam doc', 1, 3546, './uploads_user/1000/65/', '0_9543_thumb.jpg'),
(66, 2, 'messi', '6396d672c4c3c67ab7a2274a81545c94', 'leon', 'messi', '3FlfybXT', 'Argentina', 'diepvanhao@hotmail.com', '', 'male', '', '0_8096.jpg', '4', '', 0, 0, './uploads_user/1000/66/', '0_8096_thumb.jpg');

-- --------------------------------------------------------

--
-- Table structure for table `house_city`
--

CREATE TABLE IF NOT EXISTS `house_city` (
  `id` int(11) NOT NULL AUTO_INCREMENT,
  `city_name` varchar(128) COLLATE utf8_unicode_ci DEFAULT NULL,
  PRIMARY KEY (`id`)
) ENGINE=InnoDB DEFAULT CHARSET=utf8 COLLATE=utf8_unicode_ci AUTO_INCREMENT=1 ;

-- --------------------------------------------------------

--
-- Table structure for table `house_district`
--

CREATE TABLE IF NOT EXISTS `house_district` (
  `id` int(11) NOT NULL AUTO_INCREMENT,
  `district_name` varchar(128) COLLATE utf8_unicode_ci DEFAULT NULL,
  `city_id` int(11) DEFAULT NULL,
  PRIMARY KEY (`id`)
) ENGINE=InnoDB DEFAULT CHARSET=utf8 COLLATE=utf8_unicode_ci AUTO_INCREMENT=1 ;

-- --------------------------------------------------------

--
-- Table structure for table `house_room_type`
--

CREATE TABLE IF NOT EXISTS `house_room_type` (
  `id` int(11) NOT NULL AUTO_INCREMENT,
  `room_name` varchar(128) COLLATE utf8_unicode_ci DEFAULT NULL,
  PRIMARY KEY (`id`)
) ENGINE=InnoDB  DEFAULT CHARSET=utf8 COLLATE=utf8_unicode_ci AUTO_INCREMENT=10 ;

--
-- Dumping data for table `house_room_type`
--

INSERT INTO `house_room_type` (`id`, `room_name`) VALUES
(1, 'R'),
(2, 'K'),
(3, 'SK'),
(4, 'DK'),
(5, 'SDK'),
(6, 'LK'),
(7, 'SLK'),
(8, 'LDK'),
(9, 'SLDK');

-- --------------------------------------------------------

--
-- Table structure for table `house_street`
--

CREATE TABLE IF NOT EXISTS `house_street` (
  `id` int(11) NOT NULL AUTO_INCREMENT,
  `street_name` varchar(128) COLLATE utf8_unicode_ci DEFAULT NULL,
  `district_id` int(11) DEFAULT NULL,
  PRIMARY KEY (`id`)
) ENGINE=InnoDB DEFAULT CHARSET=utf8 COLLATE=utf8_unicode_ci AUTO_INCREMENT=1 ;

-- --------------------------------------------------------

--
-- Table structure for table `house_structure`
--

CREATE TABLE IF NOT EXISTS `house_structure` (
  `id` int(11) NOT NULL AUTO_INCREMENT,
  `structure_name` varchar(128) COLLATE utf8_unicode_ci DEFAULT NULL,
  PRIMARY KEY (`id`)
) ENGINE=InnoDB  DEFAULT CHARSET=utf8 COLLATE=utf8_unicode_ci AUTO_INCREMENT=11 ;

--
-- Dumping data for table `house_structure`
--

INSERT INTO `house_structure` (`id`, `structure_name`) VALUES
(1, '木造'),
(2, 'ブロック'),
(3, '鉄骨造'),
(4, '鉄筋コンクリート（RC)'),
(5, '鉄筋鉄骨コンクリート　（SRC)'),
(6, 'プレキャストコンクリート（PC)'),
(7, '鉄骨プレキャスト（HPC)'),
(8, '軽量鉄骨'),
(9, '軽量気泡コンクリート（ALC）'),
(10, 'その他');

-- --------------------------------------------------------

--
-- Table structure for table `house_type`
--

CREATE TABLE IF NOT EXISTS `house_type` (
  `id` int(11) NOT NULL AUTO_INCREMENT,
  `type_name` varchar(128) COLLATE utf8_unicode_ci DEFAULT NULL,
  PRIMARY KEY (`id`)
) ENGINE=InnoDB  DEFAULT CHARSET=utf8 COLLATE=utf8_unicode_ci AUTO_INCREMENT=10 ;

--
-- Dumping data for table `house_type`
--

INSERT INTO `house_type` (`id`, `type_name`) VALUES
(1, 'マンション'),
(2, '文化住宅'),
(3, 'アパート'),
(4, 'タウンハウス'),
(5, '間借り'),
(6, '寮・下宿'),
(7, 'ハイツ'),
(8, '一戸建て'),
(9, 'テラスハウス');

-- --------------------------------------------------------

--
-- Table structure for table `house_ward`
--

CREATE TABLE IF NOT EXISTS `house_ward` (
  `id` int(11) NOT NULL AUTO_INCREMENT,
  `ward_name` varchar(128) COLLATE utf8_unicode_ci DEFAULT NULL,
  `street_id` int(11) DEFAULT NULL,
  PRIMARY KEY (`id`)
) ENGINE=InnoDB DEFAULT CHARSET=utf8 COLLATE=utf8_unicode_ci AUTO_INCREMENT=1 ;

/*!40101 SET CHARACTER_SET_CLIENT=@OLD_CHARACTER_SET_CLIENT */;
/*!40101 SET CHARACTER_SET_RESULTS=@OLD_CHARACTER_SET_RESULTS */;
/*!40101 SET COLLATION_CONNECTION=@OLD_COLLATION_CONNECTION */;
